Singer ID,Name
0,Tiffany Howe
1,James Jerde
2,Dr. Orville Powlowski
3,Ms. Beverly Moen
4,Kelli McClure II
5,Estelle Wiegand
6,Darryl Lang
7,Frances Murray
8,Kathleen Howe
9,Leroy Dare
10,Mr. Ralph Kub
11,Eunice Renner
12,Rhonda Swift
13,Frederick VonRueden
14,Helen Bogisich
15,Eva Stracke
16,Pete Turcotte
17,Sophia Bruen II
18,Alexandra Kemmer
19,Karla Hartmann
20,Dr. Patty Hirthe
21,Kristy Jakubowski
22,Rickey Blanda
23,Daniel Walsh
24,Velma Cassin
25,Sonya Klocko
26,Trevor Stark
27,Scott Franey
28,Vivian Ullrich
29,Jacqueline Bins
30,Agnes Conn-Smitham
31,Cody Jones
32,Mr. Caleb Bruen
33,Jeremy Rolfson
34,Alexis Ruecker
35,Pauline Von
36,Frances Frami
37,Arthur Turner
38,Dr. Terence Torphy I
39,Kristina Dare
40,Velma Abshire
41,Angelica Schimmel
42,Nina Harris
43,Glenn Lynch
44,Mandy DuBuque
45,Genevieve Fisher
46,Oscar King
47,Noah Wunsch
48,Olive Boyle
49,Elvira Hartmann
50,Joseph Carroll
51,Lorenzo Bednar
52,Susan Roob
53,Virginia Padberg
54,Lynne Runolfsdottir
55,Janet Gerlach
56,Mrs. Bertha Cormier
57,Beverly Hills III
58,Max Okuneva DDS
59,Brooke Johns
60,Dr. Becky Swift
61,Ramiro Price
62,Hubert Bode
63,Ronald Crooks
64,Juan Shields
65,Kenny Runte
66,Mr. Dewey Emmerich
67,Christopher Hermann
68,Betsy Bailey DDS
69,Rogelio Huel
70,Derek Smith III
71,Leon Corkery
72,Lindsay Harber
73,Sonya Wyman
74,Eunice Moore-Rogahn
75,Irene Ritchie
76,Mr. Ryan Padberg
77,Wendy Pollich
78,Shelia Dickens
79,Ginger Mueller
80,Tina Jones
81,Luke Keeling
82,Marie Hegmann
83,Arlene Hane
84,Dr. Wilfred Glover
85,Jamie Roob
86,Jon Hauck
87,Nancy Schneider
88,Dr. Zachary Schinner
89,Kristie Wiegand
90,Herman Morissette
91,Kerry Lindgren
92,Ricky Turcotte
93,Sabrina Balistreri
94,Cecilia Doyle-Rodriguez
95,Jesse Fay
96,Rafael Gislason
97,Rodolfo Harvey
98,Byron Maggio
99,Kerry Oberbrunner-Cartwright
100,Doris Von
101,Sue Kunde
102,Kristin Brown
103,Dr. Marshall Rolfson
104,Monica Dietrich
105,Dana Pollich
106,Eunice Lakin
107,Vernon Veum
108,Erin Ritchie
109,Geraldine Sporer
110,Dr. Elisa Franey
111,Alice Nienow V
112,Casey Reynolds
113,Tanya Farrell
114,Irene Stiedemann V
115,Anna Strosin
116,Sherry Hammes V
117,Ken Kris-Abbott
118,Luther Walter
119,Darlene Durgan
120,Rachel Bartell
121,Nathan Deckow
122,Nick Heathcote
123,Vernon Cummings
124,Delores Hodkiewicz
125,Brian Nitzsche
126,Dr. Betsy Wolff
127,Judith Lynch
128,Janet Morissette
129,Seth Jacobson
130,Emanuel Beier
131,Lola Walter III
132,Becky Cummerata
133,Anita Zulauf-Feeney
134,Jake Murray
135,Orville Abernathy
136,Alicia Leuschke V
137,Casey Hickle
138,Thelma Larson
139,Gayle Okuneva
140,Jaime Lind
141,Jim Will
142,Bobbie Nitzsche
143,Vickie Johns
144,Lula Bradtke
145,Sylvia Quigley
146,Kurt Williamson DVM
147,Erin Moore
148,Frederick Ratke
149,Benjamin Greenfelder
150,Ellen Witting
151,Jana Collier
152,Luis Hahn
153,Sue Langosh
154,Colin Rowe
155,Mr. Damon Herzog-Jerde
156,Jason Nitzsche
157,Henry Abbott
158,Maurice Senger MD
159,Lena Roberts
160,Janet Stokes
161,Leroy Daugherty
162,Ted Jacobi
163,Percy Bogan-Adams
164,Kristi Langworth
165,Harvey Wintheiser III
166,Luz Wintheiser
167,Wallace Reichel
168,Charlene Baumbach
169,Dr. Cristina Kohler
170,Lula Smith
171,Mr. Leon Greenholt
172,Melody Aufderhar
173,Edith Rowe
174,Aaron Kemmer
175,Earl Heller-O'Reilly
176,Mr. Matt McCullough
177,Sonia Kub
178,Victor Jast-Ritchie
179,Mr. Melvin Becker
180,Jan Little
181,Ruth Sawayn
182,Carrie Wolff II
183,Carrie Adams
184,Christie Dibbert
185,Wilbur Kreiger
186,Raquel Erdman I
187,Matthew Willms
188,Rodolfo McDermott
189,Richard Rosenbaum
190,Dr. Earnest Daniel
191,Barbara Stanton
192,Ross Stiedemann
193,Edwin Bahringer-McLaughlin
194,Winston Muller
195,Wilbur Hagenes-Gutmann
196,Stanley Hilpert Jr.
197,Eduardo Donnelly
198,Dr. Anthony Steuber
199,Dale Bednar
200,Mrs. Lora Conn
201,Carl Rosenbaum
202,Jennifer Von
203,Mr. Pete Zieme
204,Billy Jacobson
205,Lucia Greenfelder Sr.
206,Janie Rath
207,Heather Hills
208,Sheryl Swaniawski
209,Dr. Robin Schneider
210,Gustavo Flatley DVM
211,Casey VonRueden
212,Johnny Lehner-Towne
213,Dr. Evan Gutkowski
214,Connie Kunze DDS
215,Kate Bosco MD
216,Rolando Reichert
217,Darnell Fadel
218,Faye Funk
219,Mr. Corey Kunde
220,Rex Zboncak
221,Conrad Goodwin
222,Cesar Toy
223,Wilbert Powlowski PhD
224,Juan Bergnaum
225,Dr. Shelly Shanahan
226,Jaime Blanda
227,Barbara Barton
228,Iris Kihn
229,Mr. Darryl Hayes Sr.
230,Bethany Wilkinson
231,Rachael Kuphal MD
232,Josh O'Hara
233,Lindsey White
234,Erma Borer
235,Preston Stamm
236,Leona Hodkiewicz
237,Pat Hudson
238,Miss Tanya Bahringer
239,May Brekke-Jacobs
240,Doyle Friesen
241,Craig Rutherford
242,Kenneth Deckow
243,Shaun Bins
244,Christina Thompson
245,Max Tremblay
246,Glen Rempel
247,Christina Connelly
248,Boyd Moen
249,Eric Dooley
250,Perry O'Keefe
251,Hilda Stehr PhD
252,Silvia Daniel
253,Roderick Ernser Sr.
254,George Beatty
255,Jesse Jerde DDS
256,Judith Nikolaus
257,Bonnie Batz
258,Enrique Macejkovic
259,Percy Block
260,Irene Jaskolski
261,Miss Molly Bergnaum
262,Ida Flatley
263,Marco Larson
264,Antonia Rodriguez
265,Michelle Douglas
266,Eloise Gislason
267,Marilyn Prohaska
268,Erika Paucek
269,Bethany Kris
270,Warren Pouros
271,Helen Turner
272,Mrs. Lucia Johnston
273,Tomas Rowe
274,Jacqueline Kuphal
275,Cary Carter
276,Joyce Thompson
277,Olive O'Keefe
278,Mae Marquardt
279,Silvia Emmerich
280,Miss Hope Welch
281,Mrs. Evelyn Heller
282,Dr. Antonia Mitchell
283,Lee Wehner
284,Peter Willms
285,Elbert Brown
286,Mr. Mark McDermott
287,Doris Beer
288,Essie Lockman-Orn
289,Brandi Dach
290,Kyle Yundt DDS
291,Lawrence Jacobi
292,Homer Heathcote
293,Eva Berge
294,Winifred Schuster
295,Ivan Spinka PhD
296,Gilberto Considine
297,Lucille Jerde
298,Sharon Wolff
299,Alison Collier
300,Orville Murphy
301,Ida Rempel
302,Tracy Windler Jr.
303,Marty Franecki
304,Dale Stoltenberg
305,Jan Walsh
306,Miss Eloise O'Conner DVM
307,Ms. Vicky Grant I
308,Tommie Rodriguez
309,Hilda Mann
310,Jan Swift
311,Karla Labadie
312,Ellis Conn
313,Camille Lakin
314,Dwayne Pouros I
315,Hugh Gutkowski
316,Shannon Carter
317,Ida Rolfson
318,Lonnie Hayes V
319,Donna Grant
320,Emilio Kessler PhD
321,Dr. Lula Feil
322,Miss Joy Howell
323,Ron Kuphal
324,Elvira Auer
325,Debra Ziemann
326,Gustavo Stroman
327,Cameron Feeney
328,Walter Dietrich-Bradtke
329,Larry Witting
330,Edward Mayert
331,Peter Stanton
332,Jodi Wolff
333,Luis Ratke
334,Arlene Renner
335,Russell Kuhn
336,Courtney Breitenberg
337,Alicia Fisher
338,Alfredo Yost DVM
339,Dr. Gilbert Stokes
340,Andres Braun
341,Terence Spencer
342,Michele Towne
343,Verna Abshire Jr.
344,Heather Wilkinson
345,Kristopher Block
346,Tanya Mayer
347,Christina Cartwright
348,Laurence Powlowski
349,Craig Johnson
350,Jody Morar
351,Mrs. Lola Gibson
352,Dr. Jenna Lockman
353,Roman Stark
354,Jeff Wuckert-McClure
355,Martin Hudson
356,Virgil Mosciski
357,Mr. Frederick Schaefer
358,Faith Torp
359,Wilson DuBuque
360,Ms. Maria McLaughlin
361,Gary Stanton
362,Amber Kerluke
363,Max Gorczany
364,Terrell Kautzer
365,Ramon Adams
366,Arturo Bradtke
367,Anne Pollich Jr.
368,Esther Bahringer
369,Dr. Belinda Stokes
370,Claudia Gerhold
371,Rosalie Boyle
372,Mrs. Marguerite Denesik
373,Alma Will
374,Gustavo Durgan
375,Lucas Boyer
376,Ruby Kreiger
377,Joey Streich
378,Leona Koch II
379,Nora Grant
380,Carla Grimes
381,Leslie Hayes
382,Woodrow Barrows
383,Nettie Zemlak
384,Lamar Yundt
385,Aubrey Goldner
386,Marsha Hessel
387,Dan Fahey
388,Eloise Kutch
389,Candice Murazik
390,Matt Herzog
391,Joan Barton
392,Roxanne DuBuque-Jast
393,Yolanda Beer
394,Dr. Jill Doyle
395,Mrs. Anne Orn
396,Ashley Rice
397,Tomas Larkin
398,Marjorie Kris PhD
399,Miss Bertha Kemmer
400,Antoinette Runte
401,Sherry Stoltenberg
402,Cary Barrows
403,Constance Quigley
404,Miss Natalie Sawayn
405,Theresa Lehner
406,Jeremy Shields
407,Floyd Kassulke
408,Georgia Pollich
409,Genevieve Reilly
410,Rosie Block
411,Bruce Schaden
412,Mr. Bob Cormier
413,Tara Schuster-Kulas
414,Kristy Hoppe
415,Brian Stokes
416,Van Beatty
417,Janie Pollich DVM
418,Miss Ana Jacobs Sr.
419,Minnie Ward
420,Stacy Jast
421,Dianna Terry
422,Jake Schuster
423,Shari Ryan
424,Jerald Maggio PhD
425,Jodi Bradtke
426,Justin Hirthe
427,Myrtle Frami MD
428,Terrell Olson DDS
429,Bobby Metz V
430,Dawn Balistreri
431,Jorge Windler
432,Vanessa Ruecker
433,Penny Murazik
434,Josh Abbott
435,Jody Renner
436,Vernon Zboncak
437,Paulette Wiza
438,Al Bednar
439,Laurie Ritchie DVM
440,Dr. Kristen Will
441,Harry Sanford
442,Maxine Heller
443,Evan Green V
444,Guadalupe Corwin
445,Wade Paucek
446,Mrs. Maggie Powlowski
447,Carlos McDermott
448,Dr. Elvira Renner
449,Tony Ruecker DVM
450,Patty Reichel
451,Mrs. Julie Fay
452,Carrie Schumm
453,Ms. Mindy Flatley
454,Lee Stiedemann Sr.
455,Peter Heller
456,Ms. Geneva Kilback
457,Sergio Kuhlman II
458,Otis Aufderhar
459,Elvira Wisozk
460,Martha Rosenbaum
461,Marcella Kutch
462,Philip Jacobs
463,Mr. Glen Lynch
464,Mr. Benjamin Schaden
465,Alex Block
466,Ms. Gail Huels
467,Miriam Thompson
468,Derrick Lubowitz
469,Elizabeth Waelchi
470,Fred Tromp
471,Tyrone Hahn
472,Tiffany Crooks
473,Perry Crist
474,Ismael Bergnaum
475,Mr. Miguel Macejkovic
476,David Armstrong
477,Brandon Miller
478,Felicia Mitchell
479,Adam Rice
480,Carla Pollich
481,Ethel Russel
482,Cody Gislason
483,Sidney Jacobs
484,Terri Jerde
485,Kathy Hilll-Wintheiser
486,Shelia Grimes DVM
487,Ethel Cassin
488,Valerie Crist
489,Keith Ondricka
490,Shirley Ryan
491,Elsa Pollich
492,Carmen Wolff
493,Jordan Thiel PhD
494,Marian Nikolaus
495,Jeannette Maggio
496,Victoria Haley
497,Rickey Kuhic
498,Paulette Hagenes
499,Vivian Miller
500,Edmond Conn
501,Kathryn Blanda
502,Cecelia Heller
503,Jo Rogahn DVM
504,Meredith West Sr.
505,Carroll Gulgowski
506,Bradley Hills
507,Darin Marvin
508,Emily Schneider
509,Florence MacGyver
510,Gregg West
511,Jennifer Ondricka
512,Muriel Hodkiewicz
513,Colin Franecki II
514,Ms. Lorene Goldner
515,Daryl Wintheiser-Rosenbaum
516,Heather Terry
517,Bennie Greenfelder
518,Christy Cruickshank
519,Luther Schroeder
520,Miss Opal Feeney
521,Philip Auer
522,Johnnie Lynch
523,Wendell Crooks
524,Marianne Sipes
525,Alejandro Torp
526,Jacob Bode
527,Virgil Kuvalis
528,Kenny Hoeger
529,Ms. Madeline Bergnaum
530,Preston Deckow
531,Wm Dooley
532,Desiree Morissette
533,Evelyn Padberg PhD
534,Kristopher Ratke
535,Derek Reynolds
536,Andy Trantow
537,Guillermo Shanahan DDS
538,Steve Crona I
539,Ms. Vivian Kohler
540,John Kunde
541,Shannon Bernhard
542,Dawn Fahey
543,Brandy Gerhold
544,Aubrey Simonis
545,Stanley Leffler
546,Willie Gislason
547,Mrs. Arlene Boyer
548,Maryann Bosco
549,Nettie Mayert MD
550,Gladys Zboncak
551,Paulette Kihn
552,Ivan Reichert
553,Jacquelyn Jakubowski
554,Cora Lebsack
555,Bradley Olson
556,Laura Nader
557,Clayton Hills V
558,Daniel Toy
559,Rufus Mayert PhD
560,Michelle Hoppe
561,Glenn Cummerata
562,Herbert Schulist
563,Mr. Rudy Kessler
564,Glen Donnelly
565,Joanne Wisoky
566,Olive Keeling
567,Corey Cremin
568,Brian Simonis
569,Dr. Kay Volkman
570,Marion Mills
571,Johnathan Sporer-Volkman
572,Dr. Boyd Towne
573,Catherine Pacocha
574,Rosalie Heidenreich
575,Sonia O'Conner
576,Josh Hand
577,Amber Bogisich
578,Hugh Sauer
579,Clifton Klein
580,Mrs. Rosa Pacocha
581,Mr. Winston Breitenberg IV
582,Terry Shanahan
583,Jaime Thiel-Walsh
584,Mabel Lesch
585,Abraham Kihn
586,Mr. Cary Goyette
587,Grant Heidenreich
588,Lonnie Wolff
589,Archie Ledner
590,Vincent Kirlin Sr.
591,Mrs. Patty Ullrich
592,Francis Jacobs
593,Ana Bogan
594,Dawn McCullough
595,Bennie Donnelly
596,Leslie Hamill
597,Keith Rodriguez
598,Alex Gibson
599,Beverly Hessel
600,Mrs. Carol Conn
601,Wilbur D'Amore
602,Domingo Waelchi
603,Grady Price
604,Jean Harvey
605,Teresa Jaskolski
606,Lorenzo Blanda
607,Erika Predovic III
608,Jared O'Connell
609,Erica Borer
610,Vincent Denesik
611,Alvin Yost-Kovacek
612,Bradford Aufderhar
613,Laurie Feil
614,Geoffrey Maggio
615,Jim Deckow
616,Patsy Sipes
617,Mr. Elias Flatley
618,Bradford Graham
619,Edward Schulist
620,Cedric Kuvalis
621,Andres Barton Jr.
622,Michele Gulgowski I
623,Lucy Strosin V
624,Lorenzo Hirthe
625,Gladys Cormier-Dooley
626,Andre Hayes Jr.
627,Gordon Pouros
628,Rosemarie Stroman
629,Edith Stroman
630,Sonja Wiza
631,Kristy Wunsch DDS
632,Timothy Crooks
633,Janie Emmerich DDS
634,Juan Bahringer
635,Dr. Howard Armstrong
636,Ms. Pat Strosin
637,Joel Ruecker
638,Joseph Reilly
639,Dr. Billie Quitzon
640,Erika Ratke
641,Sergio Bosco
642,Perry Abernathy
643,Marian Konopelski
644,Dr. Max Ernser
645,Jerald Mayer
646,Lola Senger
647,Sean Mohr
648,Connie Altenwerth
649,Todd Wiegand
650,Rhonda Mosciski
651,Mrs. Ernestine Swift
652,Darrin Collier
653,Frankie Hagenes DDS
654,Marcella Senger
655,Dr. Darrell Sawayn
656,Armando Russel
657,Fredrick Funk
658,Bryan Hauck
659,Teresa Botsford
660,Andrew Deckow
661,Jaime Lang
662,Henrietta Olson
663,Patti Gibson
664,Miss Gloria Orn
665,Rhonda Bogisich
666,Lee Jacobi
667,Mrs. Leslie Hudson
668,Lois Nader
669,Duane Mann
670,Winifred McLaughlin
671,Loretta Hand Jr.
672,Freddie Buckridge
673,Wilfred Hansen V
674,Sylvester Rohan-Yundt
675,Dora Berge
676,Danielle Kassulke
677,Carolyn Langosh
678,Gordon Nicolas
679,Andre McGlynn
680,Casey Wiza
681,Sophie Mayert
682,Carl Sporer
683,Armando Corwin
684,Kristopher Sauer
685,Jeremiah Bechtelar
686,Ms. Darla Lemke
687,Tonya Blanda
688,Shannon Gottlieb
689,Julio Oberbrunner
690,Miss Marcella Lind
691,Lonnie Collins
692,Devin Trantow
693,Dr. Hope Runte
694,Jerry Buckridge
695,Melinda Durgan
696,Penny Flatley
697,Jeffery Hirthe
698,Ginger Doyle
699,Mae Cassin
700,Mrs. Patty Howe
701,Debbie Beier
702,Mr. Nathan Koch
703,Archie Durgan
704,Wendell Hansen
705,Jan Ullrich
706,Mr. Jeffery Olson
707,Harry Rolfson-Fisher
708,Richard Hoppe
709,Mrs. Rachel Ebert
710,George Deckow
711,Bradford Oberbrunner
712,Rachael Corkery
713,Verna Cole
714,Sally Zulauf
715,Kristie Farrell
716,Max Torp MD
717,Shawna Hagenes
718,Randolph Wilkinson
719,Lynette Crooks
720,Tammy Schmitt
721,Yolanda Conn
722,Dr. Shawn Runolfsdottir
723,Mr. Everett Monahan
724,Peggy Zboncak
725,Dr. Preston Parisian Jr.
726,Leona Ankunding
727,Myra Schneider
728,Casey Zboncak
729,Veronica Adams
730,Monique Renner
731,Opal Zulauf
732,Carla Lockman-Herman
733,Ismael Cassin DDS
734,Arturo Welch-Stiedemann
735,Mrs. Michelle Runolfsdottir
736,Carlos Zulauf
737,Flora Carter
738,Terry Hammes
739,Miss Henrietta Braun
740,Joey Rutherford
741,Erin Schumm
742,Wallace Stroman
743,Antonio Lubowitz
744,Marion Murray
745,Dr. Sheldon Feil PhD
746,Salvatore Sawayn
747,Oscar Kihn
748,Mr. Oscar Hills
749,Roberta Larkin
750,Marion Herzog
751,Mr. Kerry Walsh
752,Dr. Percy Schinner
753,Lucille Harber
754,Judy Kautzer
755,Ms. Anne Kirlin
756,Megan Morissette
757,Dwayne Wiegand
758,Myron Braun
759,Lydia Koepp III
760,Jaime Wiegand
761,Allan Harris
762,Felipe Spencer
763,Todd Ward Sr.
764,Colleen Treutel DDS
765,Blake Rice
766,Curtis Witting-VonRueden MD
767,Raquel Beer
768,Clifford Dicki
769,Kelley Weissnat
770,Brandy Upton
771,Tracy Johnson
772,Lloyd Brakus PhD
773,Thelma Pfannerstill
774,Nancy Bechtelar-Greenholt
775,Jennie Green
776,Ms. Sadie Ullrich
777,Randal Hoeger
778,Lewis Muller
779,Robin Goodwin Jr.
780,Edith Stark
781,Arlene McKenzie
782,Ida Streich
783,Deanna Stracke
784,Israel Renner
785,Carl Jacobi-Dach
786,Kara Bednar DDS
787,Sherri Gulgowski
788,Sergio Kshlerin-Bergnaum
789,Fannie Ledner
790,Carolyn Hills
791,Shawna Monahan
792,Derek Feest PhD
793,Cecelia Romaguera-Koelpin
794,Nicholas Vandervort-Lang II
795,Darin Runolfsdottir
796,Gabriel Ryan-Weimann
797,Eugene Dooley
798,Shelia Rolfson
799,Lorene Bayer
800,Lowell Schmeler Sr.
801,Angie Wilkinson
802,Jay Morar
803,Dr. Howard Mann
804,Don Buckridge
805,Luke Rippin
806,Mr. Jeremy Little
807,Kay Ward
808,Gayle McKenzie
809,Dale Pacocha
810,Sue Fahey
811,Trevor Zboncak
812,Harry Blick
813,Jo Raynor
814,Sophie Mueller
815,Saul Friesen
816,Ruby Quigley-VonRueden
817,Miss Kristie Yundt
818,Sherman Little
819,Mercedes Langosh
820,Moses Marks
821,Sharon Mann
822,Kristie Schneider
823,Tracey Heller
824,Mr. Kelvin Pagac
825,Charlie Wisoky-Stiedemann
826,Minnie Herzog
827,Ada Denesik
828,Mr. Ryan Heller
829,Yolanda Schneider
830,Cecilia Bosco
831,Rita Weber
832,Calvin Morar DDS
833,Christie Jenkins
834,Brandi Hoppe
835,Stacey Keeling
836,Marion Smith DVM
837,Clay Klein IV
838,Morris Kerluke
839,Marilyn Witting
840,Dr. Carroll Collier V
841,Wendell Ebert
842,Leigh Glover
843,Jamie Williamson Sr.
844,Lloyd Stoltenberg
845,Dr. Donnie Larkin
846,Miss Mona Dicki
847,Lindsey Klocko
848,Monica Lubowitz
849,Simon Fay
850,Corey Kub-Marquardt
851,Crystal Greenholt DDS
852,Erma Wolf-Lebsack
853,Rufus Kihn
854,Elias Turcotte I
855,Dr. Dale Kuphal
856,Hector Balistreri-Wyman
857,Dr. Ada Cummings
858,Ian Hodkiewicz
859,Sadie Wehner
860,Susan Ebert
861,Marsha Davis
862,Juana Koch
863,Anthony Champlin-Shields
864,Felix Lueilwitz
865,Alfredo Davis
866,Cecilia Johns
867,Ricky Ledner
868,Jeannette Skiles
869,Mr. Todd Kuhlman
870,Rhonda Schiller
871,Dwayne Wolff
872,Patsy Mayert
873,Mr. Emilio Labadie
874,Terry Baumbach
875,Amelia Swift MD
876,Marcos Corwin MD
877,Geoffrey Grant
878,Hattie Koelpin I
879,Mr. Bert Wiza
880,Lila Hane
881,Delbert Kassulke
882,Dr. Clint Hodkiewicz
883,Mildred Wolf
884,Mrs. Ida Hahn
885,Dr. Jenny Hamill DDS
886,Kristina Predovic DVM
887,Clarence Harris IV
888,Francis Halvorson
889,Edith Moore
890,Alison Reichel
891,Courtney Purdy
892,Nathaniel Smith
893,Leroy Davis
894,Leroy Pagac
895,Katrina Schowalter-Hickle
896,Duane Grady
897,Roberto Goyette
898,Velma Leuschke
899,Maggie Gutmann
900,Kenny Brown-Wyman
901,Glenn Mayert
902,Bradford Schroeder
903,Mona Collier
904,Ms. Vanessa Zboncak
905,Dr. Carroll Wintheiser
906,Elsa Koss
907,Barbara Schmidt
908,Dr. Wendy Maggio
909,Maryann Bechtelar IV
910,Chester Abshire-Fadel
911,Adrienne Greenfelder
912,Kirk Osinski-Leffler
913,Homer Fay Jr.
914,Dr. Belinda Kreiger
915,Gina Jones
916,Ernestine Mueller
917,Mabel Pagac
918,Carrie Corwin
919,Laverne Romaguera
920,Dustin Osinski IV
921,Ramona Larkin-Rowe
922,Charlotte Schiller
923,Dwayne Olson-Hoeger
924,Clyde DuBuque
925,Sergio Reinger
926,Dr. Zachary Heathcote
927,Kelvin Crona-Schultz
928,Kelvin Lind
929,Kurt Raynor
930,Doreen Schamberger
931,Herbert O'Keefe
932,Dwight Berge
933,Pearl Kris
934,Lionel Gutkowski
935,Ashley Aufderhar
936,Noah Bechtelar Jr.
937,Margaret Reilly
938,Victor O'Conner
939,Catherine Kovacek
940,Mr. Matthew Bahringer
941,Jenna Crooks
942,Angel Weimann
943,Miss Jill Von
944,Vickie Bruen
945,Horace Kunze
946,Delbert Mitchell
947,Michelle West
948,Ebony Lesch III
949,Krista Block
950,Bernard Hoeger
951,Dr. Kelli Grimes
952,Mr. Ervin Glover
953,Ms. Fannie Dietrich
954,Rene Lind
955,Dr. Ellis Brekke
956,Beverly Schumm MD
957,Margarita Hettinger
958,Woodrow Abbott
959,Lorenzo Kessler
960,Mr. Bert Towne
961,Elena Berge
962,Marcos Hahn DVM
963,Herman Fisher
964,Ebony Bartell
965,Della Conroy MD
966,Robin Wisozk
967,Olive Mills
968,Sylvester Keeling
969,Lionel Waelchi
970,Ms. Stacy Huel
971,Suzanne Carroll
972,Ada Buckridge
973,Ruby Treutel
974,Kristin Gerhold
975,Dr. Sara Grimes-Kohler
976,Van Legros Jr.
977,Samuel Schultz
978,Orlando Orn
979,Kerry Hudson
980,Dr. Connie Lakin
981,Billy Hickle
982,Dean Schroeder
983,Alton Hodkiewicz Sr.
984,Leticia Conn-Glover
985,Ray Gorczany
986,Cathy Jast
987,Brandy Koch-Gerlach
988,Ginger Schultz
989,Phyllis Lind
990,Maria Koepp
991,Denise Jakubowski
992,Isabel DuBuque
993,Janis Baumbach MD
994,Jesse Sawayn
995,Lydia Emmerich IV
996,Dawn Adams
997,Darryl Rutherford
998,Henrietta Mohr-Welch
999,Zachary Bednar V
