User Id,Username,Email,Password
0,Raina_Hickle,Ellsworth65@yahoo.com,CGREHApjj0gFgx8
1,Alek_Ward,Donavon.Powlowski31@gmail.com,XQcm_OrsCpptXzr
2,Roselyn_Padberg,Ally.Maggio@gmail.com,eeydIqfYZBQRISw
3,Bette.Blanda53,Afton6@yahoo.com,h4ipnsKWUuByHYQ
4,Judge44,Rafaela_Hermann@yahoo.com,kMX0eRQQ4VBDBsw
5,Titus_Dibbert,Brycen76@yahoo.com,q626g6A9GOG4S1R
6,Dagmar.Rutherford13,Zula_Becker@hotmail.com,djzV4oQwzXNa5b2
7,Fabian4,Ardith_Daniel@hotmail.com,UfZW0wf3wZDvOJA
8,Heber10,Catherine_Rau54@gmail.com,o8jnTGhhcxqRVvE
9,Brayan96,Oda.Schmeler52@gmail.com,0Y50PXGXGbEXFgE
10,Baylee80,Alejandra80@hotmail.com,VTb_f3lIhgrd3kw
11,Velma9,Camylle_Schiller@hotmail.com,MhzqX_9_EJzkTra
12,Aimee_Crist34,Dina.West90@hotmail.com,MeYLKCeOGl3OWt2
13,Jordi54,Mozell_Kuphal23@gmail.com,50SPIuZFwMrfj6d
14,Meredith66,Vicente.Crona@hotmail.com,jhPO8DbxlHi2gsg
15,Kaela_Bradtke,Ebba_Feest3@gmail.com,8FQVQTAxLga5NiY
16,Syble_Donnelly70,Vella3@hotmail.com,8wZ8fAKa6FazhL8
17,Amos_Cartwright,Jenifer.Beatty@yahoo.com,3gyitCUX9lpuIfu
18,Sidney.Hessel,Laney.Tromp@hotmail.com,lu4Kr93hjSDBJkl
19,Shea13,Brenda11@gmail.com,45UZVRPbo0gZWV5
20,Angelo10,Baylee15@yahoo.com,BoNiE7doHdTCd6j
21,Mark.Keebler37,Kali.Boyer80@yahoo.com,iQd9kWyein5gste
22,Keira75,Jasmin.Hartmann@hotmail.com,mcPo7qMQDeO6QO8
23,Patrick11,Kelton_Schowalter59@yahoo.com,bY5IIrSUw6YZiYA
24,Unique2,Marina_Conn@hotmail.com,_7wnLzS5lcxwQwS
25,Everardo24,Josue.Lind72@gmail.com,xZleIcU22tVq8z9
26,Darwin_Goodwin51,Willie.Goldner@gmail.com,Ulk5utkmubYcxzU
27,Brant.Stanton83,Daren.Goldner@gmail.com,h1VeMb6WgGgIl2W
28,Jenifer85,Odell15@hotmail.com,SliWYyKXfO9s1J_
29,Bianka_Herman,Greg74@yahoo.com,kB2rKXBvtvVhjos
30,Blaise.Erdman89,Jewell97@yahoo.com,_F7Xend7_OfJD2S
31,Evangeline74,Berniece44@gmail.com,tvoosS8XAH7i9Ge
32,Icie_Feil,Alaina.Ullrich@gmail.com,fwO_8GSPL8XheoZ
33,Kurt84,Delphine_Kemmer93@yahoo.com,CTDIaMqBfNZg0Ru
34,Effie29,Jevon61@yahoo.com,IPydPTxtzQ64ZO4
35,Carlo59,Eldred.Lowe@gmail.com,AEoCFQWAk_ZuWEU
36,Hermann_Considine,Kevin_Hackett@gmail.com,kcer4kABCgnWK2U
37,Halle.Price23,Maxine.Strosin16@gmail.com,N9wzN7zXqVa4yIi
38,Deron_Ruecker,Filiberto_Little29@yahoo.com,tmzkXKYhCVAtrRR
39,Hardy.Sanford93,Winnifred9@gmail.com,ZeXbp0wopfW7knL
40,Alva34,Lamont88@yahoo.com,Wo9xx2t3WKM4t_F
41,Melba_Howe,Selina_Friesen-Conn@yahoo.com,Gy03wXJrTPCsfmH
42,Johann.Hammes95,Tamara_Jakubowski@gmail.com,8C2uyAzTUPpgejh
43,Gilbert.Price,Lea_Gottlieb@yahoo.com,SuTOT6RxTOUi6QH
44,Elmo.Carroll,Kathlyn.Wiegand91@yahoo.com,FMOONEQg8YPrSU3
45,Jairo77,Kitty.Berge69@yahoo.com,g3rF7Q1JiKDx1B7
46,Stacey.Fay7,Myles.Reinger@yahoo.com,WUDlqsTudFUAXkA
47,Thaddeus.Satterfield18,Velma.Mueller63@hotmail.com,6HXT1SVzYbEu77m
48,Marques7,Norbert_Feil9@hotmail.com,notcXKIScSqrJ2c
49,Bulah84,Dorothy.Considine@hotmail.com,MoknWUnztBGizOl
50,Clarabelle.Rowe,Lauriane.Hermann@yahoo.com,7CbLxMv6a8Q3hT8
51,Jeremie13,Aida73@hotmail.com,qmgRkT2dc1nOqrH
52,Ramona_Davis,Ludie_Watsica90@hotmail.com,NslEGGUR_hhizQT
53,Jabari_Bechtelar47,Mckenna_Runolfsdottir6@gmail.com,t8mqnvggm1CzwWc
54,Everette.Ruecker,Dee.Haley@yahoo.com,gKWFXy9Xa5ZOnEF
55,Kyle_Streich,Candice_Champlin@yahoo.com,MG7bgvzcoULAxff
56,Alvena.Smith,Gerhard42@gmail.com,9ncQ3Cb7hs53NjO
57,Virgil.Blick,Albert_Kub@gmail.com,AHEnPj_NaO47kvL
58,Unique10,Uriah47@hotmail.com,deuhF0UrDwdgU0E
59,Vella.Bednar,Yesenia_Pagac@gmail.com,3pDGeMoA88Y34t9
60,Lilla.Bauch92,Pablo_Runolfsdottir20@hotmail.com,3kqrKevcIsBdt8W
61,Emmanuel56,Kailey19@hotmail.com,fNYygDJvXdtzHo9
62,Lamar_DuBuque14,Gabriella51@hotmail.com,C72SPiVEoCWsI3I
63,Julio_Bruen80,Israel.Lind35@gmail.com,kQhGeTOyvgnyUs1
64,Amya_Goldner72,Mikel.Beer@gmail.com,aDvblUO48pkEtiM
65,Brigitte.Wyman47,Selena40@yahoo.com,yliKIqC6M3MJUgD
66,Reagan_Gleason31,Theron66@gmail.com,kCa0CxbUavPNyKS
67,Dorothea.Brakus,Eda91@yahoo.com,ZxeNUXXnSRUIgp5
68,Keegan_Hammes,Vella39@hotmail.com,2AIngx8QgNr6f2I
69,Malvina.Crist21,Ima.VonRueden17@hotmail.com,l7WKOLMYuwz4kxn
70,Golden_Quigley6,Adrian.Lesch@yahoo.com,DZN4DXWzes6vkFk
71,Giovanni36,Eliza70@gmail.com,7l2cdJ6chl8zhtT
72,Ryleigh_Rolfson,Marianne_Boyer54@gmail.com,K9CoxDZT4SkTO3c
73,Myron_Toy-Cormier38,Hershel.Sanford19@hotmail.com,9Bxa9SVX72bg2yi
74,Greg.Kovacek90,Laury.Fisher@gmail.com,8ncamiBUYAb1LmE
75,Ignacio.Sipes87,Emmalee58@hotmail.com,SW6ioQrzBlmJST6
76,Melany.Wilderman,Javon.Reinger@yahoo.com,Gwup7M7RqNkk7fJ
77,Evans_Satterfield,Maye.Smitham@hotmail.com,uUNhnYtXUXl2PwZ
78,Camden29,Coty20@gmail.com,8pnl9Ebxart4Zdh
79,Sebastian.Gleason5,Derrick_VonRueden3@gmail.com,q96ioWM401UrbjX
80,Kristopher63,Devan73@hotmail.com,_EQhSa_gZTsWGfF
81,Berniece_Mayert30,Carleton.Zulauf@gmail.com,dbaqEsYjoOmvGhO
82,Kathryne_Altenwerth7,Claud93@gmail.com,qsR2t6VGzRExrPa
83,Malinda55,Jenifer_Bartell72@yahoo.com,aEvTrtWOo9ERxAZ
84,Mireille.OKeefe,Candice14@hotmail.com,73olh57Hx4APPDw
85,Salvador_Bernhard,Hellen1@yahoo.com,Vgmi2rvkBRBMJp1
86,Ezra_Rutherford24,Drew_Rice13@gmail.com,RhJ3L2bKy9Xxy1u
87,Jakob_Runte,Frederic61@yahoo.com,tAh9q8gKDfXb10c
88,Lisette.Trantow,Johann.Stiedemann@yahoo.com,Kghe3MPwom2YyYu
89,Gideon.Steuber,Talon_Rodriguez59@yahoo.com,4dYf_pMxCR1yTUF
90,Abner_Kohler62,Reilly_Block99@gmail.com,2fZHCCXmZ88wwxR
91,Bridgette_Turcotte31,Julie.Mante@yahoo.com,GgXXqjcMDQM1oe6
92,Dashawn.VonRueden,Abelardo.DAmore@yahoo.com,ZjtLJX0cSI5CF1j
93,Magnus35,Brandyn_Lakin@hotmail.com,1b8ONoG4UHb95uS
94,Romaine.Zemlak,Cordell92@hotmail.com,0GYfSzvgp9gzmQ2
95,Halie_Ortiz,Sierra_Bartell@hotmail.com,syTXMIlY7CgsJJ8
96,Camilla66,Hermann1@gmail.com,yimxzyB5ei6hyzB
97,Donna.Abbott,Greyson_Anderson@gmail.com,y5gvZdf09teu1xC
98,Cecilia_Batz41,Curtis_Lang21@yahoo.com,0pm47KpFmtfUd3o
99,Cecilia.Ullrich53,Cristal17@hotmail.com,6q9cNAtcLIoXCMT
100,Harmon.Botsford,Sylvester19@gmail.com,r5lXMjK7YingBzC
101,Rickey.Rodriguez,Arden.Morissette89@gmail.com,xjOqEIE2HSgykSp
102,Athena_Schultz16,Daisy39@gmail.com,h6_vBUqHLAyIgI5
103,Catharine.Lemke,Emerald_Mueller@gmail.com,LwYCXGYgWxDxpry
104,Addie.Wisoky,Zola87@hotmail.com,VKVP6qhcA6zRW7u
105,Magdalen_Von28,Gust.Crist29@yahoo.com,WbTtY4IDHZaCN9a
106,Lucie41,Rosalyn_Durgan29@yahoo.com,OXVG3quRo55Az6W
107,Helena.Lehner92,Leonie.Goldner22@yahoo.com,AlcxPmrxhwdwi2Y
108,Dustin_Hayes,Daren.Hegmann@hotmail.com,WoNdjrOX3qUFFEe
109,Joan.Mills,Fatima.Ernser-Wolff@yahoo.com,WjCl_m8bkS9y_N5
110,Rebeka62,Liana.Kuhn50@hotmail.com,duj_bANQSuo89qe
111,Eli.Rohan45,Therese.Howe77@yahoo.com,wsgUhUiEpnKikzI
112,Cali.Schowalter41,Willard.DuBuque40@gmail.com,LBYV6QN9hebDii5
113,Herminia.Kirlin,Angelica_Farrell87@yahoo.com,qK8Ihg0PLmRdo1o
114,Darion_Hand,Silas.Huel70@gmail.com,2lbnKZy6HoEg3GK
115,Gino14,Tess80@yahoo.com,RgpZCsKQ5MKuLSC
116,Reyna9,Serena_Crooks@hotmail.com,pcy01F0gWv43ohz
117,Robb.Kunde,Cyrus.Donnelly@yahoo.com,Fdge28aI_Jgs7Fr
118,Kaylie.Corkery35,Celia88@hotmail.com,ODc9LK_zwhLIKUa
119,Esther_Cartwright,Doris_Monahan11@hotmail.com,ZO9R5sOw1CKqSHy
120,Oliver_Torphy,Reinhold_Langworth-Lowe@gmail.com,VHRuFphPQZg9GyG
121,Anastacio_Emard,Willy83@hotmail.com,MGhYWP3_9mOPSk4
122,Ellie17,Lowell.Ratke82@hotmail.com,fmHm9c3GDbIonxy
123,Seth.Blanda65,Jeramy.Fritsch@gmail.com,HcGhv2cH6dZWaIs
124,Maximillian_Vandervort55,Dorothy_Harris29@hotmail.com,KgAKTgR2HUK2BXi
125,Lukas.Powlowski,Jaren.Spinka@gmail.com,7SXsozwX2r1RjBy
126,Lexie.Abernathy74,Myah.Koss14@gmail.com,Tu6t4WV3OIi7vno
127,Jayne29,Haylee6@gmail.com,RblxYqlLZ1OTJIv
128,Mittie38,Elliott61@yahoo.com,9GKsookSJUSKM52
129,Fred2,Irwin_Cruickshank-Bogisich@hotmail.com,dqfuAUgCQwn2cpd
130,Jaclyn_Pouros,Ezra_Bartoletti@gmail.com,vEKM4JE_j7gyaXK
131,Luella_Stokes,Trenton1@yahoo.com,BjMzcKsXzZimMcW
132,Arvilla_Walker,Judson_Mraz25@hotmail.com,vSvDPRF03sdGWTG
133,Grant.Oberbrunner,Sheridan58@yahoo.com,cqYCWUkz7c9eVcx
134,Maximillian59,Gust88@hotmail.com,NvHMLBhgXN1BawX
135,Dillan55,Cassandra_Stroman@hotmail.com,ThoMkPYajCZQfli
136,Martin.Cormier8,Odessa_Steuber@hotmail.com,0M7WU_0qoqqvAiv
137,Richie.Stehr,Rossie.Gleichner87@yahoo.com,P4NTdpzg2CsLgnJ
138,Burnice_Gorczany16,Don.Kemmer97@hotmail.com,6FF3zyW1R2AeiKF
139,Herta_Schaden,Kirstin_Koch61@yahoo.com,81Ch5fIFmG_g8ym
140,Greyson_Feeney44,Savion_Ullrich@hotmail.com,VBkMk9suJ8lAnxm
141,Patience14,Olin.Borer@gmail.com,9KSxwBn_JN8i0Qr
142,Brandt_Padberg0,Drake_Roob@yahoo.com,tBwNopdYjrCMGPW
143,Frederic_Walter37,Myrtice22@hotmail.com,KbMOuk9Fic_K7RG
144,Carlotta_OKon57,Rosalind_Bins41@hotmail.com,gm6GTlpgCn3P7Ja
145,Jon.Koch61,Lance18@gmail.com,ZdDFIhO9maNWFmf
146,Lula69,Wilfrid6@gmail.com,v_8TusE5zu4wn_X
147,Kameron.Green39,Macie_Schuster-Schoen@hotmail.com,q9LUv1UsTSFNdlM
148,Florence39,Gail.Padberg41@hotmail.com,pBGVdPZ_z0445wa
149,Adelle_Goldner-Cummerata,Colton_Will@hotmail.com,_jUq39M4kjOVJSF
150,Annalise_Barton,Viva_Rolfson84@hotmail.com,AkPEyWqqyM0YQJm
151,Beryl_Labadie71,Aniya3@yahoo.com,xjZToYoAsUPvMX6
152,Carlotta55,Brando68@yahoo.com,PDNI3BHiF7tIwBr
153,Darren_Ruecker1,Sadye.Volkman77@yahoo.com,xyAPsXzdt1r85Hg
154,Ona.Weber,Jocelyn.Kling3@yahoo.com,4NhMlKxrU5uvP9a
155,Quinten.Kirlin-Dooley46,Estevan_Nader70@hotmail.com,65NuKXikTJm6m9B
156,Kendra38,Kiley.Stamm91@hotmail.com,4_BJCilhK4dVaAD
157,Gunner93,Lois.Auer62@yahoo.com,MXUWLPFzCGhsPQc
158,Keshaun_Koelpin72,Ollie36@gmail.com,kSgJhwMy8QUjUVr
159,Verla.Metz,Ilene_Crist@hotmail.com,Azp_ALXEXhMT4vg
160,Meta.Bogisich,John99@yahoo.com,xWCLpP9szSF4SDU
161,Lavada.Kiehn73,Kevin84@yahoo.com,y5X1JYC9paQAC1_
162,Cyrus79,Callie_Klocko-Herman@yahoo.com,Rz5oKDBHaLvICOM
163,Gayle97,Natasha66@yahoo.com,tmapelZhP5BAoAt
164,Donny66,Libby_Ernser32@hotmail.com,3qCVx8SMeGXrjsf
165,Lewis_Koelpin90,Kelvin47@hotmail.com,XJCAdEmhoYwVxvr
166,Davonte_Feil,Lemuel97@yahoo.com,NnK2hMMY8CzczXM
167,Molly.Blick15,Kaleb36@gmail.com,PdPv3XqHkvBvtx5
168,Maeve55,Daniella.Reilly@hotmail.com,DLCQtH0elOAV5IE
169,Kenton32,Jazmyn_OConner43@yahoo.com,2hqjJJZ0T6iA6m9
170,Destin82,Baylee27@gmail.com,Yru84BLYD57P3J7
171,Thelma.Block,Mario_Prosacco44@yahoo.com,jlW7Qd5KEAjapEB
172,Karlee_Wiza71,Mavis_Hartmann@hotmail.com,vEKeyp7p0XmkDCQ
173,Delores_Waters44,Terrill.Jast91@hotmail.com,bDmE211xQIh49DW
174,Vernie.Schaden,Toney74@gmail.com,ej7i3aD5sVMHong
175,Silas.Grimes15,Daron32@yahoo.com,dcrLXExfZsIV4E5
176,Demarco_Upton,Trey87@hotmail.com,PwvWQL_IRSbaTEk
177,Isai_Hamill72,Bernhard13@hotmail.com,zVyVlba8I2guZsx
178,Sidney_Bogan,Jovanny.Kris70@hotmail.com,dToDAiZQYcJkLrb
179,Owen5,Callie47@hotmail.com,QonDCzXzMSAmhoT
180,Rosanna69,Ashton.Quitzon40@gmail.com,TgaNgY7p_J6E0ih
181,Osborne70,Kendrick.Brakus@yahoo.com,va79zoPCUStZ5lr
182,Mariane_Botsford,Ewald75@yahoo.com,nVF2mGsmGJH9wil
183,Joannie60,Edwardo.Brekke@gmail.com,ycauKZ039aM0DGV
184,John11,Immanuel_Haley@hotmail.com,dGH5D58eLuGDp5E
185,Katelin.Franecki14,Albertha_Johns31@hotmail.com,O2QLpNcpOK6X97a
186,Shaylee_Berge,Florian.Cartwright@hotmail.com,fXx3nYBEngBHyFa
187,Justyn9,Alberta_Schimmel41@yahoo.com,2vWuXZleQB7wJ1J
188,Leora_Bednar5,Russ.Mertz95@hotmail.com,OZjq0qQUx5966__
189,Anthony42,Bret4@yahoo.com,qmy_CxV6afgIP6V
190,Braulio.Zieme,Imogene.Rosenbaum32@gmail.com,1P4m0zNyAwfMlcu
191,Keyon_Nolan8,Jaron69@gmail.com,1Cwykjco1isu6Ir
192,Tia_Koss97,Elouise54@hotmail.com,fr5RMRcklx1gYXC
193,Keshawn_Paucek53,Gwen_Emmerich@gmail.com,AzxNn09V7bmuSkb
194,Davin_Lubowitz83,Esther78@hotmail.com,C8bgjcXQrgTpRmi
195,Giovanny_Larson,Genoveva.Steuber35@gmail.com,rd1JuhUeq1GXot_
196,Ivory_Goodwin,Rhett89@hotmail.com,pFH_B5O1RZUVAaX
197,Rickey_Muller48,Christop_Abbott71@hotmail.com,LQ6spl7mzc0LoTP
198,Chadrick.Schaefer6,Peter_McKenzie@yahoo.com,LBi8fWuSAdg8kGb
199,Elfrieda_Murazik20,Napoleon_Herman58@yahoo.com,hPXq8FW4wxmKc9q
200,Juliana_Feil57,Isabel74@hotmail.com,ii_9oIleyHr8n8B
201,Cydney10,Andre_Shields@yahoo.com,2jYlTJKcPSJveAD
202,Violet.Will,Cathryn.Kihn75@yahoo.com,x6vJv6RtQZlwqBJ
203,Jalyn_Lakin81,Faustino_Prosacco@gmail.com,eWXEh3AM3FKiEHl
204,Maya96,Allene71@hotmail.com,h5G3P7oyPpHdUgm
205,Jorge.Wintheiser15,Zackary_Gleason86@hotmail.com,ltMv3vV2xROzZBF
206,Floyd4,Kaela_Wilderman82@hotmail.com,4JO60i2qdN8OWMt
207,Adan.Hirthe,Viviane_Batz45@hotmail.com,s42Lb_R0BnWiiNC
208,Fabiola25,Oscar4@hotmail.com,yOVLHyFVNEib9pl
209,Orlando_Larson,Berenice_Hirthe@yahoo.com,ry09xGLkyD2TCXV
210,Kelsie.McDermott,Nathan3@yahoo.com,yqorUekBmVOAbkz
211,Estevan54,Cordie.Ruecker54@gmail.com,_xS0peIS0pygNOR
212,Adelbert19,Maureen94@hotmail.com,X53uwHoCF2hiG_D
213,Norris33,Liliane21@hotmail.com,AQ7IQmJpaXb9xuR
214,Charlene29,Brendon_Cassin3@yahoo.com,RjzdsesECCUxTw8
215,Tremaine.Hills38,Hilton.Johns@gmail.com,bI9KXw5SCRL8KL8
216,Brad.Dach-Cronin,Ryan_Vandervort88@hotmail.com,ir_wvPI2t69KXuX
217,Hadley.Zemlak82,Jessica.Lesch55@hotmail.com,nXyaQ8HJtqFyVOx
218,Garry_Conroy66,Mckenzie52@hotmail.com,p7k19LCcw1voabU
219,Lue.Lubowitz,Velva.Watsica@gmail.com,EVYhg4ort6FUO_9
220,Felix_Kertzmann64,Isidro.Heller21@yahoo.com,2U0xQHq6_5supFK
221,Diana62,Shanna_Corwin95@hotmail.com,8xn7QxyhdWri5db
222,Brooke33,Lenny_Gutmann@gmail.com,mKgXaIBaG99dyZR
223,Alexandrea_Kemmer,Jonathan71@hotmail.com,CFeDcN74YdYZ4XT
224,Julian_Beer,Roel2@hotmail.com,R_PlRIGzFnJN7G4
225,Sabrina.Auer78,Wyatt_Johns@hotmail.com,hN1RHKYIicuIn0m
226,Beau87,Xavier18@yahoo.com,HVB1EsHJ6EXCEkc
227,Janiya.VonRueden,Domenick12@hotmail.com,wNQ_7T5k4DhRKAK
228,Dewitt35,Carmel14@hotmail.com,wMwDYBtZ1O6Pjef
229,Gavin_Harber,Gennaro97@gmail.com,QP4TPrQBXND4jze
230,Jedediah.Mitchell72,Tyrese.Schulist75@gmail.com,JNNa3iMgvqxv0K6
231,Alysa_Morissette,Julio.Hudson74@yahoo.com,R9AsjdosoUjyVVG
232,Leslie.Bartell73,Tressie.Ondricka57@gmail.com,RZriN9wO2RvvclJ
233,Evans95,Leland52@gmail.com,Ky3y8otMLHqxjVI
234,Clifton_Heaney,Judd_Lueilwitz19@hotmail.com,rFga9EXtmAO2MPp
235,Laurence.Pouros62,Florian86@yahoo.com,0lSdWe9mugbEWnw
236,Abraham5,Kiel.Schuppe47@yahoo.com,xA0TK4A4AqqSMKl
237,Emmet.Predovic,Willy.Donnelly68@gmail.com,aYS9AFvd6MFmXli
238,Van.Braun-Leannon75,Raheem43@yahoo.com,ZaGy46lGQ0B6wlH
239,Marlen_Mitchell,Johanna72@hotmail.com,bXGtP4lSWqCQtHh
240,Daisha63,Fay.Stehr81@hotmail.com,6AnLaoNOHKXV73N
241,Hiram_Satterfield24,Hortense91@gmail.com,BkSzgmo4hD764GQ
242,Mazie_Beier26,Syble.Roberts98@hotmail.com,E8BfB_tIbGAsYFo
243,Derrick_Stehr37,Zion.Harber16@hotmail.com,0M0oheyRLth9noc
244,Jalon71,Luna.Grady@hotmail.com,2yPpsk3MThWwkiO
245,Esmeralda_Kuvalis,Stacy_Wiegand@yahoo.com,XTuwrog49nYz2sE
246,Camylle_Stehr-Stiedemann15,Camden.Pollich6@hotmail.com,bvbLLBLtDeLKJGo
247,Carlos99,Stephen.Schmidt@hotmail.com,303yCxhU5BQrcnz
248,Karli_Shields,Fern.Spinka69@hotmail.com,rN028IdTdFIPxYI
249,Santiago11,Ben85@gmail.com,UdN6BWU2lXTLTqB
250,Uriah_Doyle64,Antwan6@gmail.com,InuGSH_NxavY77_
251,Theresia_Schoen,Kirstin_Lueilwitz@yahoo.com,OtyapYPoBb0qniR
252,Giovani_Hackett,Henriette.Kling@gmail.com,v7R9KEucnYIdEAW
253,Adolfo.Lemke24,Madeline_Dickens16@hotmail.com,Uf4lYkYkuC8ge00
254,Lia_Rolfson,Lilian_Moen@yahoo.com,_Gy8giQnGx60Rez
255,Yvonne_Schamberger,Tyrell_Ernser@gmail.com,OIxOGtRtuXs41mH
256,Floyd.Konopelski,Marcus.Carter@hotmail.com,Nnbxh4dgCNpyRFC
257,Lucious.Graham67,Alyson.Cummerata@yahoo.com,A829_MQsV0z6GFr
258,Gail.Willms7,Esteban.Schmitt@hotmail.com,WDcxfuOvFJZ4PWl
259,Lydia.Sauer5,Molly22@yahoo.com,9tzHqff23yHCzHc
260,Emerson17,Lurline.Kreiger92@yahoo.com,cYfP1e3XGzLuqdl
261,Elyssa18,Verlie_King40@gmail.com,5g4a2z7YeFaB6sm
262,Anya_Cremin,Cecelia34@yahoo.com,J18tP_dIKOsGRhj
263,Bennett39,Stone_Treutel-Hegmann85@yahoo.com,dnVoiU76STnZgcu
264,Adell83,Shawna_Moore@gmail.com,rgcBF8A0ZKv24dq
265,Bret.Gleichner90,Eric44@hotmail.com,0ivkamBIsoPbLNf
266,Leilani_Kilback45,Laney.Hermiston@yahoo.com,knVN4IcjQY2QNcF
267,Rosamond.Gorczany72,Dallin_Kling81@yahoo.com,sRb0tCGCSy0IVOJ
268,Esmeralda_Mitchell9,Xzavier.Stark@yahoo.com,Huc2otmuSofj_yG
269,Maeve.Dare,Novella_Feil@hotmail.com,QXzMLTpnKIe5mE3
270,Rhiannon.OHara,Dannie.Reynolds30@yahoo.com,LgoWGf1sYldoH6A
271,Rocky32,Kieran_Okuneva88@yahoo.com,0UMEj2mO0Z5eY4A
272,Lelah72,Jalon3@yahoo.com,xPV9b4_bwnZMjOB
273,Loma62,Daisha.Daniel2@hotmail.com,gFHMr4nKsHYAAc9
274,Verda65,Geo.Bode@gmail.com,0VADRzE8pCiGtA3
275,Nicholas.Kub33,Travon_Schuppe-Kub@yahoo.com,LOKothIwABX3gB6
276,Ilene.Kuhn-Koelpin42,Gwen77@yahoo.com,DYtOfdKD3S0Qm3R
277,Vernice_Leuschke,Adaline49@yahoo.com,XNlxj3_z5sJmmJf
278,Donato.Predovic,Mariane.Kulas@yahoo.com,ghwjsmmItqpHSAt
279,Meredith.Paucek55,Dortha89@gmail.com,brdu4Hik0LzzmJp
280,Reva_Wisoky48,Delores.Turner@yahoo.com,P8hzUG47rBU9LZ3
281,Josianne_Bauch45,Geovanny.Ernser@yahoo.com,DVsgRjd88dqnvPA
282,Jaquan39,Reuben57@hotmail.com,yCSMQPUQoBPNien
283,Kirk.Bradtke99,Alexane.Langosh87@yahoo.com,yhGTtxrW1UEbkp7
284,Alison_Rodriguez,Raymond83@gmail.com,BNk6eG_L_R8Bvx9
285,Moises6,Eleanora48@hotmail.com,b_zIqGaXQU2dFxd
286,Genoveva44,Lisette.Waters26@hotmail.com,CfSa0ARbnlWVKjI
287,Jennifer_Kertzmann16,Camden.VonRueden@gmail.com,GvxcOn3V0Jnx048
288,Eladio.Jakubowski,Candelario.Huel56@gmail.com,uBaoBr9JUUEbmtG
289,Cole_Dibbert,Ari29@hotmail.com,cHFteqiVMK3id36
290,Willard_Schoen,Dena.OReilly@gmail.com,056SW8i3Vdzg5Ul
291,Delilah60,Ed.Kautzer69@gmail.com,8QOSPzaTkIe36J6
292,Margret28,Edgar52@hotmail.com,84I9TPFSOlk1jOF
293,Amalia_Lowe10,Herman_Goyette28@yahoo.com,hKtbo32Rra8foXb
294,Candice26,Angelina2@hotmail.com,V_R442F_Ol6M96t
295,Bartholome_Kilback,Modesta_Volkman@gmail.com,J6zp5zTfQqqV4RK
296,Derick_Johns,Gina.Gleichner@hotmail.com,nMMtlMc1LckmVnX
297,Josefina_Batz48,Myriam36@hotmail.com,3XREnytlD05X_H5
298,Lukas_Orn,Maye90@hotmail.com,wf9ZK8qcVG32eBR
299,Amir.Weissnat89,Orval.Bradtke@gmail.com,n7Xw5V3hNQ0nIzi
300,Otho_Schroeder-Keebler,Luna7@gmail.com,nnAW7P7N21nrrkT
301,Jaclyn.Pfannerstill49,Celine.Hammes36@hotmail.com,XvuluTAH33ijo_L
302,Felipe.Hudson,Morton.Rowe@yahoo.com,sqlaqHTI7dy3EWy
303,Columbus77,Amalia_Walsh@hotmail.com,rZHRQvQ8OTnSS0p
304,Alena29,Anastacio.Conn@hotmail.com,TRFvcGQzPakv9gZ
305,Estrella.Olson,Laura96@hotmail.com,zcdnZ4g0uxB6Mfg
306,Mason.DuBuque,Madge24@gmail.com,tPOF83ojzUVv84M
307,Sasha_Ledner-Balistreri,Elmo46@gmail.com,HcLWJESZO27XGeP
308,Jarred.Emmerich,Abigale.Kohler65@hotmail.com,xznVB1Lq7Mlx0Jz
309,Eloy12,Vladimir_Feest54@yahoo.com,7Vc0Gm6iUGBlGG4
310,Jovani77,Nat_Paucek@yahoo.com,JgDxy5C67B5PXgW
311,Orlo.Wilderman,Finn_Koch@gmail.com,MAgyUCFWChs0kbM
312,Andreane5,Elisha.Auer15@yahoo.com,wwWpLhH3bDnHC96
313,Carlo_Predovic37,Wilford61@gmail.com,TJGvUFdfohvKfaR
314,Owen_Hartmann66,Shayna_Kuhic20@hotmail.com,rkOHQhgypxttIRn
315,Mateo3,Brown.Hegmann22@gmail.com,lbsCemLAjqcWY00
316,Palma99,Carole46@gmail.com,CtzlJKF8H5PUwBD
317,Lamont.Lynch73,Evans_Hayes@gmail.com,C2Vr70j1yFK1tjm
318,Trystan31,Cassidy_Runolfsson@yahoo.com,l87CVK7NQdArNCp
319,Vance.Torp5,Vernie1@gmail.com,OlzZeNWESzsIM8X
320,Adaline_Feeney,Koby.Von25@gmail.com,bzlWvvyz1IVKcnn
321,Jabari92,Magali_Denesik@yahoo.com,flSumktmrabsowH
322,Vicente_Pfeffer,Shakira2@hotmail.com,101aK3ehLFa3S5g
323,Kaitlyn.Zboncak93,Forest.Dickinson@hotmail.com,LUayOIUgoNxlsn4
324,Garrick.Klein,Alejandra29@gmail.com,SezzizvHOJrGf2I
325,Claudia_Kulas95,Brooke20@yahoo.com,h0PEddVp0_yWiJX
326,Haylie81,Tressa48@hotmail.com,JGyGal6ogVJQiJ2
327,Elfrieda87,Antonette87@yahoo.com,0w3TBvgAseP18zr
328,Zoila6,Jay81@yahoo.com,M0upxsAkbf59YGz
329,Cyril.Heidenreich,Tristin.Nikolaus@hotmail.com,Dx3hsQPXzc6eSbv
330,Emmett_Gleichner,Kamille_Lockman@gmail.com,IkAUaq2fLY1jyvk
331,Edwina_Wilkinson34,Marlen_Crooks3@yahoo.com,ue9QWPRIZOmIB_T
332,Annamarie_Hintz,Mariela_Heidenreich@hotmail.com,h6IgDB2HlGkX3Oq
333,Garfield_Jenkins93,Jaclyn.Ritchie@yahoo.com,Iu0kgF2eMOik0kM
334,Ethan.Windler,Luther.Abernathy@gmail.com,tDhGes3Fr2kp6xZ
335,Rigoberto.Walter,Ellen64@gmail.com,THv68LJb6ZoQRtE
336,Lonzo_Spencer,Velva_Lockman@yahoo.com,HdhYsP_a_q6hhhp
337,Mireille59,Neil.Leffler29@gmail.com,xkVoBYZeyLbQ37o
338,Michele.Weber-Christiansen,Pete_Skiles@gmail.com,E8irphx6gxt8Hok
339,Gino60,Kristofer40@hotmail.com,pYt901GUnBoaY4f
340,Kurt.Heidenreich22,Kale86@yahoo.com,k45AJj7NabD2g8s
341,Sheridan62,Maryse65@yahoo.com,nya8EQW2MFt9MEO
342,Reta_Wisoky,Orpha.Becker30@yahoo.com,lUZxTKgWHVKkb26
343,Juvenal61,Jennifer.Barrows@hotmail.com,vgHjxEa74yxLXhg
344,Crawford_Ondricka,Austyn8@hotmail.com,QGI3YLZDUeRrq5Y
345,Kay42,Destini82@hotmail.com,CPWiPPvr99ujjsN
346,Mozelle35,Mustafa_OConnell-Breitenberg@yahoo.com,IvfeHkFxYsksGJQ
347,Korbin61,Lavina89@hotmail.com,05ewJjvUDe6PPQ8
348,Ross.Zboncak,Neal.Hickle93@gmail.com,P_ux_qleVPVGOmK
349,Breanne.Sauer42,Benedict_Metz@gmail.com,j53Kn9GuXYwrJBW
350,Phoebe67,Cole71@yahoo.com,ZaYNOYbRjU78LBp
351,Aaliyah.Upton19,Lauren87@gmail.com,XXBY1Udo2G3lUsg
352,Rashawn_Skiles,Madisen67@hotmail.com,6ueB13ODEreFuCb
353,Autumn.Hand17,Douglas_Cummings@yahoo.com,2WNLGpjv9oRP5kc
354,Glennie_Wolff90,Maude85@hotmail.com,uuFzjQ4U_jYxhXK
355,Rowland_Weissnat11,Alvina19@gmail.com,R25keIT0LBvZgYK
356,Rosalia.Skiles,Benny.Hermann@gmail.com,ZfGjPC17TLBXT59
357,Terrell_McKenzie,Beatrice.McLaughlin76@yahoo.com,JgRtmhlANXFMJZr
358,Danyka54,Rachelle_Satterfield@yahoo.com,SZHagrX_K6bcXaF
359,Josiane49,Jada_Marvin@hotmail.com,gdlfhD6qaH5fhH6
360,Zoie.Hirthe,Delfina.Frami@hotmail.com,xRM91BxOrWvmcNC
361,Garnett27,Daphney_Mayer84@gmail.com,2nQRBxzUfFw_T8X
362,Berniece_Russel,Aracely_Nicolas24@gmail.com,9ZcBscqwOl8Aozp
363,Kendrick.Weber98,Eduardo28@hotmail.com,i8oaQJIEXt_2xJ9
364,Phoebe_Bruen70,Lorenza_Reynolds@gmail.com,pzGKwwTgqG2wUS5
365,Era_Toy-Romaguera95,Vernie_Kozey@yahoo.com,OVOwTN8vz8Ct6SG
366,Rory33,Rosendo.Pfeffer@gmail.com,BKbsyQiyZf4M_5l
367,Ron.Zulauf,Art.Baumbach69@hotmail.com,MywykwffcweE7eH
368,Maverick_Koepp68,Matilda_Ritchie26@gmail.com,C9B8Gr1lHs_tQzZ
369,Clotilde.Mills,Oran.OConner42@yahoo.com,5mZztdjwHAH9ait
370,Ricky_Jast42,Wallace50@gmail.com,QPH57PfqgTXZPyl
371,Quinn.Douglas99,Wilson92@hotmail.com,C_eez4ZLxFgMl8V
372,Madeline_Cruickshank95,Felton32@yahoo.com,tjMgllXM33j0Mc7
373,Rick.Rolfson36,Cathrine57@gmail.com,HTrrJigOs3Vpr5V
374,Kailey_Kuhn53,Abby.Ernser@gmail.com,bQv4T45gbL4iAvO
375,Mauricio.Larson33,Sim63@yahoo.com,QXcDKm_Jhoobnph
376,Lionel.Konopelski,Roger_Wolff54@hotmail.com,lC382JnaLEv1U0B
377,Llewellyn.Jaskolski,Velma47@gmail.com,ScpJe6zxlPWDRHr
378,Mittie_Baumbach,Gabriella50@yahoo.com,Pjgg3_ZDJYrjB_9
379,Joaquin.Baumbach,Juston97@hotmail.com,H162sXu8Nd8UKPW
380,Linnie.Barton,Araceli.Grady19@yahoo.com,5trrDGZ82ytID5a
381,Meghan99,Carmela20@gmail.com,W0Vqqe_qin9Li6F
382,Werner11,Lupe_Reinger-Kulas@gmail.com,IuLnGNCjMprQcTN
383,Jaleel_Kiehn,Daphnee.Stiedemann@gmail.com,t7THg38bZi8RmLY
384,Edythe.Veum,Kaelyn.Hilll89@gmail.com,bSMvBYTxH7V7yWb
385,Augustus_Lemke72,Cynthia33@gmail.com,GBHlRJNzejPGjbt
386,Kailey_Predovic,Lavina2@gmail.com,WcD5AtVouocCcla
387,Dimitri10,Abel_Lowe@gmail.com,axxXlOUTIq6Zw0O
388,Claude.Schneider,Gloria76@gmail.com,HXaRvqzD3_8Ahun
389,Douglas_West,Makayla.Bauch17@gmail.com,_bncPJbjZa3uGDA
390,Theron_Olson,Erwin68@hotmail.com,Qim5egKPcCrdkFO
391,Chloe27,Lillie_Beatty@hotmail.com,h9S7buwGQVFZXeI
392,Pat72,Presley.Skiles@gmail.com,hSGOFNK72BMgCRG
393,Brenda2,Willy.Emmerich@gmail.com,C30JahY_Mrrpb0f
394,Angelica67,Winona_Herzog@yahoo.com,aJR9ZN2KaaPyCRQ
395,Betsy_Bayer66,Stacey_Stokes@gmail.com,eh2ZdBncQfKFxuy
396,Hipolito69,Mustafa.Gleason58@hotmail.com,5pFmu06PMopb_x4
397,Cassandre_Zemlak37,Hassan.Feil@gmail.com,N7L882FYd0MChVu
398,Ashlynn.Zemlak75,Coy_Jacobi47@yahoo.com,JRymWn06awEqixc
399,Eladio_Tremblay,Pierre.Gislason@yahoo.com,0E4pa7Qu2zF31Eq
400,Columbus.Bechtelar74,Leopoldo_Windler@yahoo.com,wqZ97RoOpYUEkCf
401,Madalyn16,Kirstin4@hotmail.com,XPMLJYEXnY1TC5r
402,Esperanza_Blanda13,Afton_Hermann@gmail.com,Kr3orLP0DmmmX8p
403,Rebeca_Dibbert53,Sharon52@yahoo.com,GSBBRJwD24ycLu_
404,Nicola.Heller63,Theron_Parisian@hotmail.com,rck1XLmGYxglbjg
405,Cleo62,Kristy70@yahoo.com,ELCbRBs5J1_M3Ef
406,Joany77,Karine.Cummings88@yahoo.com,j3q1uZGnTgnvxqc
407,Anibal0,Leon.Goodwin94@yahoo.com,lY1eOPOHUQQnyaU
408,Milo35,Lexi.Abernathy@gmail.com,rr3cjKXp2nEqBW7
409,Loma.Koepp,Elvie_Considine@gmail.com,4etnmEtyzK32s2t
410,Raheem22,Delaney_Herman@gmail.com,n8JfXI5q0oqHNqQ
411,Gabriel_Dickens,Catharine_OKon75@yahoo.com,LpcLVC3FATVmlPN
412,Carolyne.Franecki-Little,Lisette70@yahoo.com,OpZY4m_DayRQ9Xb
413,Natasha.Pfannerstill70,Kurt39@gmail.com,LJEAomXxai_VDXk
414,Fermin61,Diamond5@yahoo.com,MfPvGS7jZkKR3_v
415,Ellis_Ryan,Kenya56@yahoo.com,vwTQx62bcHcRBmB
416,Chet_Hegmann,Zoila71@yahoo.com,D2Nbv0DNiASPg7Y
417,Carlos.Windler,Serenity86@gmail.com,E4KOuACjv2GLzQM
418,Cara_Aufderhar68,Mossie_Rippin97@yahoo.com,l5VZoQckRYdrJQT
419,Weldon58,Zora66@yahoo.com,BMYRNHNPAAX0Ing
420,Ivy.Ratke38,Matilde.Gerlach7@gmail.com,t1TtZOgDARRPhfs
421,Dallas_Swift36,Kennith_Hermann11@hotmail.com,RMYYm9sK7xSYxX2
422,Ilene64,Candida.Simonis@gmail.com,ZB2QRYEbRwnL3ax
423,Reina.Connelly1,Fiona_Ernser39@gmail.com,ii2rlyr4TVWu83k
424,Dana2,Cassandra.Schamberger@yahoo.com,y3vYBsDf0NRBzeG
425,Creola13,Weldon.MacGyver9@yahoo.com,cm1DUKuFFyWBF3I
426,Geo.Weimann,Claudine_Waelchi@gmail.com,Ec88JM7q6kwrjLU
427,Shannon47,Chase.Stokes-Kilback93@hotmail.com,LdppD66FTSagN1N
428,Hailie.Cruickshank,Houston.Rath84@yahoo.com,FYJdN7L2J40jEVD
429,Dannie.Balistreri22,Tre.Skiles26@gmail.com,kxbjrmyk3Sm5SFW
430,Brooklyn56,Griffin_Bergstrom89@hotmail.com,MKXcg6sE1QJkrX1
431,Vernice_Purdy,Alyson23@yahoo.com,ZLijXsxfOEwnd1C
432,Bailee.Gibson39,Yazmin_Pagac97@gmail.com,b9FyeoY6qyiBvty
433,Darren62,Nyah.Schmeler@gmail.com,Iby6kW2XzZC65en
434,Savion78,Hellen_Boehm29@gmail.com,PeMY4Rvk47lf93L
435,Elna_Kozey,Weston70@yahoo.com,8IsIfu2rP_X2V4z
436,Vita_Watsica,Alexys_Flatley@hotmail.com,BEGYY4mcdvD0pok
437,Kenny89,Reid99@hotmail.com,q1yuykN9vnH7sBW
438,Pasquale.Hammes21,Josefina0@gmail.com,8TpP3LZMw12oXAa
439,Anne_Fahey,Monica_Kilback71@yahoo.com,OPF1VbvLtBnEZRy
440,Oscar_Goodwin44,Deron_Bins9@yahoo.com,QpyCUJCtblFWP67
441,Madge.Olson45,Haylie.Kautzer-Schoen@gmail.com,D_KIQiEEm6dnDQ6
442,Jamel.Bartoletti,Rachael6@gmail.com,gDd05NOedDPOet3
443,Joanne_McDermott24,Karl40@yahoo.com,_JQ9L2eYQwU4IvX
444,Kayden29,Gordon.Gulgowski@hotmail.com,c57qVxyMYbSjwQo
445,Jonathon_White89,Khalid_Dach3@hotmail.com,EyKoBzVxB1f_vO8
446,Armani7,Emilio_Sawayn44@hotmail.com,9FYALhjxSbVupF_
447,Aubree_Murray,Lavinia_Lynch22@hotmail.com,iFH5x1Pei_uiIeq
448,Freida_Wolf,Isobel_Johnson96@yahoo.com,OfZ41SQOItvAJrr
449,Tanner.Stoltenberg,Wilhelm_Torp29@hotmail.com,amfxsgy0yFaL4J3
450,Fred62,Isidro_Nicolas@hotmail.com,hu6Q6bq5kG5onYo
451,Maegan_Weissnat30,Abbie85@gmail.com,wsVd54pzYSCjDHP
452,Heloise69,Jorge.Wilkinson32@hotmail.com,uhG7Q78ZL0LizIz
453,Cassandre.Torp,Hazle_Daugherty19@gmail.com,zkFr22Wn7i5O8iE
454,Afton.Kuhic-DuBuque45,Thomas.Wehner@gmail.com,IP7yYmDqEM7Fu2i
455,Audra6,Camylle_Berge6@yahoo.com,gmxgGUODo8llFM4
456,Jensen.Koss,Geovany_Gutmann34@gmail.com,vasWRN_NVd3Kblr
457,August72,Karson_Krajcik88@hotmail.com,o2sezVjAHMmNKro
458,Loren_Strosin,Abbigail77@yahoo.com,gCtlWp077eeRCHD
459,Lolita_Raynor65,Coralie74@gmail.com,aHgWRWmYB922Kau
460,Jamal.Tremblay75,Maverick_Schumm@hotmail.com,WUbt7eU3ZhIjUR2
461,Kasey.Walter82,Camila_Kunde@gmail.com,ZY1kYtCBHmQBwY5
462,Vivian70,Jammie32@yahoo.com,JttZz3h5oa4ViUG
463,Corene41,Britney_Monahan@hotmail.com,yDzAkQVqDxpaPBe
464,Makenzie.Smitham,Sonia.Cormier@hotmail.com,mM22nsqwotA8ABD
465,Jessica_Mante,Ivy.Kshlerin@gmail.com,iRNAoF_2eyHQPr1
466,Jess_Hickle2,Zora80@gmail.com,p4kUJTnxVKxfVRj
467,Aurelio_Marks58,Kimberly.Roob@hotmail.com,oDG3HUjwBSjThlH
468,Chaim44,Jermaine.Luettgen-Bradtke@hotmail.com,Lm_ljmNOic6lSAy
469,Rubie.Considine-Hammes55,Gayle_Buckridge@gmail.com,KCtZzxoa1GDGxEA
470,Ramon_Lubowitz,Mireya_McGlynn@gmail.com,TZhKLqOrI7ZCQLI
471,Bertrand_Hauck,Alf_Ullrich60@yahoo.com,bDh1P_07mJybX6h
472,Maurice_Jacobi,Niko.Grant@gmail.com,ZrghEPCmIlPkjOc
473,Malcolm52,Damaris4@gmail.com,cMyywmSTUBl2LKr
474,Angelina69,Amari75@gmail.com,_4pVVxWPOf8F8e2
475,Graham_Durgan68,Marjolaine29@gmail.com,JK4Y5XGIWb28BeU
476,Cordie_Mosciski-Grady24,Joey_Cruickshank@yahoo.com,ivLB75ARbmall7t
477,Araceli.Cartwright0,Veda_Boyle@yahoo.com,h22Yl16ycj_oZyX
478,Sofia_Dietrich,Margot_Morar@gmail.com,7gwUH75inlwnHep
479,Sebastian86,Armani_Lowe@yahoo.com,uRE_aXCIXYUUpo3
480,Jamil81,Gavin_Smith54@gmail.com,_q14G6J0sXKZbL7
481,Ruthe80,Jaiden33@yahoo.com,tZMAuYho6ckv8ZP
482,Sandrine.Stroman,Daisy15@gmail.com,hfQeErBolOYcv7E
483,Arely_Mante,Madaline95@yahoo.com,LRjv1yolPwmxiQt
484,Mateo.Kreiger65,Raphael40@gmail.com,gcYIY_Alf6LcFzW
485,Ila.Fritsch73,Ashley51@gmail.com,s_Ta56EtkPuAhEd
486,Jamil65,Lavon18@hotmail.com,zzLcwBdMd3sM7ob
487,Edd.Sauer24,Abe_Towne62@gmail.com,xzYYrdU3rlqaUSK
488,Jessika0,Arlene_OHara65@yahoo.com,_LWelDLezXL4efI
489,Ulices82,Fanny.Upton92@gmail.com,f6aDjdmnE9AeohU
490,Leon65,Adriel3@gmail.com,JGsOgDjXeRGV5h2
491,Adam85,Pattie.Buckridge18@yahoo.com,TAGuNLtLIjlqs4O
492,Garnett98,Reina.VonRueden@gmail.com,VKtIGR4AXriwctQ
493,Eliezer.MacGyver,Alda6@yahoo.com,KV3vPytkGABBGxm
494,Triston.Walker,Kobe80@hotmail.com,6LPKuCyzsVL1HE_
495,Mallie.Hintz,Clinton51@gmail.com,g1hZ1Lf2JBCTYGV
496,Amelia_Kovacek37,Henry.Carroll@yahoo.com,cd9tSALBTL_S3fv
497,Davion.Murray45,Kristian_DuBuque98@yahoo.com,RtOuBdd0nbCgssJ
498,Hiram.Rolfson32,Joshuah.Ratke@yahoo.com,ELN2DKO6rxYdkTF
499,Isabella.Boyle,Axel_Gutmann@hotmail.com,cHp3Fe5MdzsWBLh
500,Napoleon.Funk74,Dayne_Effertz50@hotmail.com,HoGrCVA8snAj96p
501,Clemmie_Berge61,John_Haag14@hotmail.com,h5Xz7zpZFUtvx9k
502,Johnnie_Feeney70,Litzy.Dietrich37@gmail.com,aYMAjGzOFgt0MrU
503,Antwon_Brekke40,Elroy.Zboncak@hotmail.com,1j2c6tVlaEx1oMc
504,Kennith_Wisoky1,Jany40@hotmail.com,2euTpD9JyjUXgi4
505,Reese.Daugherty,Beth_Walker72@gmail.com,xVXt44zT1wziekI
506,Roberta.Weissnat65,Norbert_Herzog69@hotmail.com,JAURQXV9FcjxTJO
507,Evalyn_Beatty,Sydnee.Auer@gmail.com,UIDUuiiPfhl1k9g
508,Rosalee99,Heather.Bartell97@hotmail.com,E7iUtOdak7PaRE1
509,Chester.Jacobs,Grace13@yahoo.com,XSph2Nj290VPuOs
510,Dandre.Reinger16,Lauren31@gmail.com,r6aYiVJUxpLWRos
511,Jesus26,Cristina8@hotmail.com,WREpgQ8gzvOdjXd
512,Elton93,Jaime_Kihn60@yahoo.com,3SPFbvvQWstNcF0
513,Brooke_Hartmann17,Melissa.Gerhold-Mueller62@gmail.com,WyY4QiJjwPp2_s0
514,Darrel_Bernier80,Sallie.Littel67@yahoo.com,OSYasNHqkUf2k_R
515,Laura_Armstrong,Johnpaul48@gmail.com,MUnOyv65O7YTt_w
516,Luz95,Rolando_Brown@hotmail.com,JTIT_d5pi07389P
517,Mayra.Sanford,Daisha35@hotmail.com,HpyjoOnOeKsKc9j
518,Danyka.Lubowitz6,Arianna_Feeney@yahoo.com,WNfCKpi12mjPT5G
519,Mae_Ondricka,Austyn_Mertz72@yahoo.com,EBsRBHn3_PppoE6
520,Nyasia41,Imogene_DuBuque@gmail.com,_ylpAtt9nDtTkfK
521,Duane_Predovic14,Chelsie.Rempel@yahoo.com,9JLwSvYgCZIc64T
522,Emanuel.Hansen,Viva_Olson@yahoo.com,5pDysgmk40SS3Ma
523,Kyle.Marquardt31,Vaughn.Beatty@hotmail.com,qzesJBve_djbtsK
524,Daphne11,Emilie_Beer15@hotmail.com,KRTWn6pY1ds29dR
525,Ryleigh.Casper,Marion.Runolfsson@gmail.com,ym5Cuscr_dulrPT
526,Lillie_Bartell96,Kayley93@hotmail.com,1RmENzOPBbaCA_l
527,Jermey_Schaden63,Lori60@yahoo.com,KVA23b5O9qrRync
528,Yessenia.Emmerich16,Damion.Wintheiser@hotmail.com,xrin8Nnj7MOcRD1
529,Joy_Ziemann56,Elmer.Rogahn@gmail.com,F6DLAZn_ZtEtTD9
530,Javonte53,Maybell71@yahoo.com,ONjIx89pZhpCyOA
531,Ova.Romaguera,Lemuel_Hyatt@hotmail.com,tExpITzqFT5nD0Q
532,Cordelia_Orn55,Rhoda99@gmail.com,Qr6jie8GqPWO1vY
533,Philip.Barton,Gretchen54@hotmail.com,mLHXo9M4hfV0yFP
534,Terrill79,Maiya34@hotmail.com,dDH_90P4KWbgLkE
535,Drake.Nitzsche57,Edmund_Emard66@gmail.com,vDVzYwdSsGMbtiJ
536,Newell41,Lonie.Goodwin@yahoo.com,JNq4poZpqRe7Pd3
537,Johanna_Yost,Fanny_Willms93@yahoo.com,ByItCXkVKNndVx7
538,Magdalen.Wuckert85,Granville.White@gmail.com,_XLb0OUzDAmYXdh
539,Bettie_Kassulke,Ciara.Turner74@hotmail.com,Ol7fUKC9tkcLF_O
540,Evert.Weimann,Sarah.Kling22@gmail.com,vjVxE0selvPcoRT
541,Meta95,Mathias27@hotmail.com,oTGUS081RggrHjt
542,Hettie.Bogan95,Odell29@gmail.com,psfjXogRiZalLB5
543,Jackie_Macejkovic52,Ronny.Klein@yahoo.com,UOsScst7Lw8r32Q
544,Jennie42,Sam.Fadel3@hotmail.com,NDRmsquV7ogzAG9
545,Bulah96,Darien_Berge@hotmail.com,o9tBPc3u00T2oGn
546,Otto.Macejkovic,Vern5@hotmail.com,88ECyFKY2kTKhzn
547,Emerson.Emmerich33,Anna_Funk27@gmail.com,m4FVNVXhqzzy6mb
548,Ali_Weber58,Constance.Murphy32@yahoo.com,MBaEpuMitoDVNzj
549,Elody_Kunze,Rey_Roob76@gmail.com,jtlchtUWhVqDY6o
550,Grover.Carter14,Amara0@yahoo.com,n8yr5Fu3v2ySITB
551,Tate.Walsh,Leif_Swaniawski@gmail.com,xBa5n23P5wDGgq4
552,Madelynn_Torp96,Nathanial14@gmail.com,5HOnTcwJbwq7nVp
553,Garfield.Willms,Rubye.Jenkins@yahoo.com,V5A1TNilyOeE5K_
554,Reese_Bahringer73,Carli37@gmail.com,Da3RY0R5L3AJ6RB
555,Eliza_Medhurst59,Reynold_Medhurst-Dare@hotmail.com,YgLWEq1INd7ayyM
556,Emmitt43,Jordane_Littel58@hotmail.com,LHgWrUS7jPYCNif
557,Eden_Thiel77,William10@yahoo.com,AQHnJwCAi0gRhXj
558,Rowena80,Nicola19@hotmail.com,svdLehWc4hRfHNZ
559,Willa.DuBuque,Braeden.Mante@hotmail.com,nsm2BmSu2EpEg7X
560,Kurt_Walsh-Monahan,Sheila_Mohr42@gmail.com,S3zAQbdtU_oqUZ6
561,Ernest_Lindgren,Otho.Dibbert@yahoo.com,VaUH9IjatGtLkKP
562,Destini19,Granville_McLaughlin@gmail.com,le6R8tZ7V9NZZRr
563,Erich_Reinger,Garth.Ferry-Kertzmann@gmail.com,DiDPspIgTgebaBd
564,Lizeth.Bradtke,Gracie51@hotmail.com,eB6VhJb40h7MKcl
565,Ava76,Lowell75@gmail.com,Rj5Cz_uIBgcRifr
566,Charlene_Lockman-Koch54,Anibal_Von@gmail.com,Bq9MYo3hX28_Txp
567,Maria.Conroy19,Zoila.Herzog@yahoo.com,l8yORug0w_Mjv9A
568,Brittany.Hermiston75,Emilie.Fadel@hotmail.com,N9vmcUSxiLaEBv7
569,Adaline3,Jerrold_Prosacco@gmail.com,eDN9se_gNeggq7g
570,Elaina.Pacocha14,Gennaro_Abernathy91@hotmail.com,5cC5z9qkqJVhrQM
571,Darwin_Kemmer61,Gertrude_Smitham-Buckridge3@yahoo.com,IEnY3aEPxgBFo9Q
572,Elmo_Ferry,Godfrey_Weber@gmail.com,GhzAwLCDa7rQGqz
573,Turner.Strosin45,Berneice_Ratke-Waters59@hotmail.com,Qzfic3j7TUFs9V9
574,Garnett.Wunsch53,Leopoldo.Dickinson55@gmail.com,LDQziSYL1TqYc9D
575,Krystina.Kautzer-Hartmann,Abigayle64@yahoo.com,mZ2yadvzBSB6OFf
576,Norma99,Marlin.Franey@yahoo.com,vbv_Uyn7qdmpBsO
577,Summer25,Bertrand40@yahoo.com,dpxohgwbZ_gMGe6
578,Gunnar.Powlowski,Vanessa76@hotmail.com,0Jj2C_O4z77nejg
579,Ansel_Medhurst-Stanton,Monique_Crona12@gmail.com,lYRUxbkTdk0l2wN
580,Shania56,Cyrus93@yahoo.com,sdVoLcZtYNRXxXB
581,Emelia_Ebert,Brendan.Klein59@gmail.com,pjbRn8O8NpFHU7P
582,Nia11,Julio27@gmail.com,CtnZOh6QEiRiQxI
583,Andreane21,Carlie.Wehner64@gmail.com,UAX6RZk7NmuAJXX
584,Burley60,Lucio43@hotmail.com,NYLblFbSBKsYVaq
585,Marlee_Langworth,Zaria.Emard@hotmail.com,iqmXJUKwKV0i7uo
586,Imani.Oberbrunner,Douglas89@hotmail.com,pnTUOEDa1cyvtl7
587,Tyra48,Gwendolyn82@yahoo.com,NQdOdfUDnlZ1j9o
588,Cesar.Russel,Jerrold.Bashirian91@yahoo.com,jX_YhfC6J5Fsztx
589,Burnice1,Ben26@gmail.com,5FrT7IgjxBPliV4
590,Dion_Auer,Justyn25@yahoo.com,iBOQ6KNzYfS_Cbn
591,Clifford_Wilkinson,Kirsten.Greenholt63@hotmail.com,5FUJDYcsDiyvXVK
592,Janelle_Wilderman96,Maryse10@gmail.com,xex1CJ0EdLqR9iP
593,Brielle_Bruen,Marcia.Dietrich@yahoo.com,GKUauf0PYFmXM6i
594,Novella.Raynor,Athena72@hotmail.com,HnqpL7MJxqPiPqZ
595,Jessyca80,Melyssa_Schmitt67@yahoo.com,feyPWEUyFLVjaQT
596,Natalie_Marquardt97,Jaylin_Roob26@hotmail.com,2o59WvYk2lR9Er3
597,Xavier91,Hal.Ryan81@yahoo.com,_NCyWymDWycxQFG
598,Hettie50,Yazmin70@gmail.com,NpOOaRIzgB_uONp
599,Una77,Alyce_Schowalter@hotmail.com,uSeuIk3fOiqBX2a
600,Amelie_Larkin-Veum,Jeremy_DuBuque60@yahoo.com,J9B420ivG4RQR6_
601,Larissa_Robel,Bert_Weissnat-Bailey@gmail.com,4WhPBWD9Sv6yoAQ
602,Daphnee.Kessler,Jaydon57@gmail.com,_iwF64Zu7u0RJG3
603,Krystel_Funk,Alex76@yahoo.com,NZWjczqEylryBOK
604,Nikita17,Margarett_Moore@yahoo.com,cUGqf8susbwRQA4
605,Steve47,Evangeline_Lynch@gmail.com,1x23UOcRHXgLG5s
606,Lilyan.Franecki-Armstrong41,Summer39@gmail.com,Zc_5bhOH3xY9sVO
607,Jewell_Lockman,Jon.Steuber@hotmail.com,pPJJn_uXMD08z37
608,Dorcas_Jenkins98,Riley33@hotmail.com,Yfap_ewIZ4REyfY
609,Reed_Jacobs,Brock_Weimann31@yahoo.com,OV6jUYnrEtjxXIg
610,Ella_Gutkowski70,Richie0@hotmail.com,ffBo32XZUXu6Scw
611,Leon_Carroll68,Raul_Beatty@yahoo.com,YKwciKP3DsYK5Q8
612,Marion.Sawayn,Nestor91@yahoo.com,lGiFlqmedTVaCxd
613,Amani_Botsford,Dwight12@hotmail.com,zKWzcs47IG7DHVV
614,Dave.Wolff,Rosie.Quigley@yahoo.com,ZOEmLuf99j612hC
615,Franz_Maggio54,Braxton.Anderson@hotmail.com,Us6zk1yRw7Nf2Rc
616,Carmelo46,Anthony62@gmail.com,VWBH9puiOLUONuA
617,Katrine9,Lelia.Hilpert1@hotmail.com,4TI4L6OPmDpBmxC
618,Brook89,Cierra_Beer@hotmail.com,_H3qMpWSbsy7cVE
619,Monserrate72,Gretchen_Harris84@gmail.com,_pwjpiuoihWu6hZ
620,Linda_Larson,Elda_Brakus@yahoo.com,QqULUKFVhVDZVxS
621,Axel64,Olga38@hotmail.com,wfnetBKFNxG1DYJ
622,Clyde2,Reyes.Russel@gmail.com,6COqVMEfQ0DsxIX
623,Cale_Wunsch79,Kade.Hauck-Rath@hotmail.com,1JrCW5kzkhSegXs
624,Karlie.Johns,Adella_Pfeffer@hotmail.com,qVPKhFObrr2Io6x
625,Ivory.Rogahn10,Gideon.Hessel13@hotmail.com,5PzWTdj1dM8i3qF
626,Dean85,Phyllis.Kovacek64@gmail.com,GeAur1PHM4lPTTS
627,Lane_McDermott,Jeff32@hotmail.com,2JyZg8SiTr4bRGU
628,Boris_West,Brayan.Langosh67@yahoo.com,uA_xe9EHFagSaMH
629,Zachery.Kunde,Zackary.Abshire72@hotmail.com,rJtFi5U0MamTpU1
630,Makenzie96,Ona.Swaniawski85@yahoo.com,Qq5WG96hwOWQEyS
631,Dakota_Veum,Marjorie85@gmail.com,Chzs0pT1O07sEmE
632,Jammie32,Eloisa_Macejkovic@hotmail.com,0v73OkvYFg7_PBA
633,Margarette36,Darrell6@yahoo.com,638dynCtuVTmT42
634,Ward.Howell58,Stanley_Dibbert@hotmail.com,UIXuoYzxhuQm6Ub
635,Jennyfer.Rosenbaum,George51@gmail.com,iUFyRueEmQll3HL
636,Joany30,Einar_Blanda@yahoo.com,G5ffzXDIWCPA5aw
637,Marge11,Unique.OKeefe@yahoo.com,q9Qiu7TgIRpdhir
638,Brian_Gusikowski,Barry.Schneider@hotmail.com,AHPqYl_9iP3T5DX
639,Kianna.Schroeder10,Nicola_Cronin@gmail.com,8qtVeBZqrj8dLkS
640,Webster99,Deanna1@yahoo.com,C5pLAlLrEAKJ8tZ
641,Travis.Nikolaus97,Margarita73@hotmail.com,sX8n9mGlW6Jger7
642,Harold.Braun27,Adolph.Homenick14@gmail.com,C20J28zaM6UceQx
643,Joanie.Goyette,Edison12@gmail.com,JWbMIROV4BIEkJg
644,Jeffry74,Eleonore_Pollich@yahoo.com,VNs286J17QYtrfk
645,Delores_Jaskolski49,Winifred_Feest@yahoo.com,rjtE4Tl0Pnb55Ee
646,Arnulfo.Schuster63,Wilson44@hotmail.com,B1zwoYcnoCOdCuK
647,Javier.Bartoletti,Omari96@hotmail.com,jWdxNgWqBlUtyT4
648,Ulises.Dietrich71,Brody_Dicki-Koelpin@gmail.com,FSaGKiT1xws8_6M
649,Athena90,Charlotte_Will@hotmail.com,sqPDtNObGH7Gnso
650,Lesly.Kshlerin31,Dorian.Kohler53@gmail.com,D1W6ScnzR3bukg2
651,Cornell.Hyatt,Carlie.Purdy@hotmail.com,lXOC2GufALvD_Vk
652,Saul.Schmidt,Rae_Glover6@yahoo.com,YsWdT3oZcVQLuk3
653,Rocky.Treutel45,Anibal_Abshire45@yahoo.com,olB5m2WL2N_GJc7
654,Beth_Weber,Trisha.Hane@gmail.com,rNRbpv_gN44pjb0
655,Kadin28,Freeda_Pollich35@hotmail.com,wt_OIK_HESOl7ZP
656,Retha19,Dwight58@yahoo.com,5I99f5OXAOvG3ds
657,Trevion.Larson8,Sylvan.Halvorson2@gmail.com,wmzZN3DhUFtqBeE
658,Cordia.Wisozk,Merlin_Ward32@yahoo.com,B4HL9Ts4cr7tirw
659,Alexander45,Jamey.Lubowitz25@gmail.com,PJ7sM5kUbsa9QEj
660,Hilda.Franey,Liza13@hotmail.com,kP6Je7djn12m_2h
661,Arno92,Abagail65@hotmail.com,OFmYNelZjONpcIY
662,Carmela.Johnson-Pollich90,Ahmed47@yahoo.com,8XpvX7jilue_ew8
663,Kayli.Lindgren,Stone_Feeney87@hotmail.com,NSs8O99eMjSQGAW
664,Briana_Bosco,Emmanuel_Kozey@gmail.com,CigAEJsOGxY3quF
665,Ethel.Spencer67,Alba.Larkin60@gmail.com,bnWixL3u9c7H4TS
666,Sammy64,Camilla.Purdy@gmail.com,gUtur3ALZLUq81j
667,Winnifred63,Herbert.Kovacek@yahoo.com,aui5HbiGFibchSc
668,Rico.Macejkovic7,Jaylon24@yahoo.com,CebugKjSglVclTz
669,Francesco40,Golden.Hintz@yahoo.com,6E4FlAxEhN7YtQM
670,Clair_Kassulke,Zoe7@yahoo.com,OBfY8fv5WaWaNlN
671,Gracie29,Owen_Hammes@hotmail.com,dzhq8THtOxQl2j0
672,Jensen.Langworth10,Nikki.McClure59@hotmail.com,QJhrtGFfi02oD9F
673,Sammy95,Vita_Shields@gmail.com,qLooaeBcEuhuvZD
674,Ansley_Rolfson-Cremin72,Queenie_Stokes27@gmail.com,Gj4EeT7ZePVKl35
675,Liliana.Pagac,Axel83@yahoo.com,FKFFYLty6kl3nWj
676,Jackson.Romaguera,Maegan53@gmail.com,zFqHuOLcIZUp_u6
677,Olen_Littel,Marlen_Olson@gmail.com,L4_ks43Y1oaPymo
678,Xavier.Carroll,Alexane_Mayer@gmail.com,ocYKUQiDdtstEjj
679,Katlyn_Kub0,Kelsi.Cartwright-Stracke79@gmail.com,4fGZXSbjMAWPWXh
680,Ansley_Olson,Stephen67@gmail.com,pMzclNF1Vl6yyiJ
681,Carlie_Cruickshank,Niko_Skiles@yahoo.com,OIzNYDSGz_XeSvt
682,Wilber_Metz,Benny.Shanahan16@hotmail.com,o1AzGHKHv5lnhDV
683,Jolie_Nicolas64,Carole.Schmitt@yahoo.com,4cAZjLHS3qSi0UG
684,Arielle.Sawayn,Geovanny_Medhurst@hotmail.com,dvurKtXbImODlPb
685,Karianne_Nolan,Marie.Klein@gmail.com,gTcUpexJLIsTBCI
686,Lucio.Runte,Esmeralda.Mertz34@hotmail.com,mOuWD0Ala2IYIi_
687,Cassandra_Hahn19,Emmanuelle.Schamberger@yahoo.com,pKtn31ppOBbk1t2
688,Molly.Schinner35,Shaniya.Hudson@hotmail.com,BzEnt89pmyVPq3_
689,Dax_Bahringer71,Doris.Rodriguez@hotmail.com,eWfe4KHUsqByu4e
690,Emily.OKeefe4,Forest79@gmail.com,uSu04W9XSVF7qYe
691,Adolfo_Tromp,Lane_Waters@yahoo.com,JIzXapVlg7InWlw
692,Isabelle_Schulist,Elyssa_Kunde@hotmail.com,P9Ho5S8Nw5NGGec
693,Guido.Fahey,Mitchel_OHara@hotmail.com,F05kVw2hG7pIQKM
694,Lindsay_Hyatt,Delpha75@yahoo.com,XHaoxvkod8a9AqQ
695,Josefina_Hudson,Aryanna15@hotmail.com,GJ_CO_TZ9aXySiB
696,Jacinthe_Hoppe87,Gerry_Hegmann@yahoo.com,7TLkxNmf3ja1BCm
697,Ayden.MacGyver,Cleora.Maggio@hotmail.com,sJNBI7ZuTyOwk3_
698,Christop68,Leonard_Metz59@yahoo.com,GOtllNCvVXg5QTS
699,Elva80,Benjamin.Nienow76@hotmail.com,iPJlUYn6B6hUWtV
700,Florencio.Rippin,Gloria.Prohaska40@hotmail.com,ljzsm47U5xYIC7V
701,Brianne.Romaguera61,Kathryne_Schulist27@gmail.com,t86MrM9muka4D9M
702,Keshawn.Douglas98,Estella20@gmail.com,9uYBZsrfUTCa1Q9
703,Elvis67,Saul86@hotmail.com,s1sSGpSpD4FEXIe
704,Reagan.Yost60,Marcelo.Hessel15@gmail.com,C389ZyCIxO9qQ96
705,Adrian.Nitzsche67,Roma10@yahoo.com,UdQ6cvc3fdFrQOv
706,Antonia_Daugherty82,Moshe25@gmail.com,yFle_yWxqDeHo4U
707,Lindsay_Tremblay22,Juliana_Windler21@yahoo.com,e4nXRVfT_MxwKZR
708,Grover.Sawayn,Rosella_Hudson65@gmail.com,p7IQ2dZ_zj0i0TR
709,Briana75,Marquise_Hessel@gmail.com,kkNyMOjg3MiCdz1
710,Christa28,Carol_Mitchell@yahoo.com,sK4bl37BXxUjDoK
711,Willow31,Rickie82@yahoo.com,pUFkWmUqbQg8ajR
712,Annette88,Gardner38@yahoo.com,KHIVMvesV52duiN
713,Abraham_Shanahan,Megane.Hessel50@hotmail.com,xxMTPH5iNIh_SgB
714,Danielle34,Loma_Prohaska75@yahoo.com,8JrQxVMAXsmwOU6
715,Howell.Luettgen,Rogers78@hotmail.com,WxrabggTFjb25MZ
716,Zita.Swift-Crona,Ernestine.Murazik66@hotmail.com,Am95hZ_z1bR3fyL
717,Arturo_OKeefe,Ryann.Hamill85@gmail.com,aG_IwjvIH30K6gF
718,Frida.Mills,Kari81@gmail.com,RUT47P6CgyDqH9J
719,April_Tremblay,Noemy_Torp81@gmail.com,imhEJUy3DqH1fPP
720,Bianka89,Emmie.Padberg@yahoo.com,r_bCVPPNWa0CL7P
721,Terrell51,Mackenzie_Shanahan@hotmail.com,0CYk1buBeB4nVBK
722,Alvena_Greenholt,Gerald91@yahoo.com,wx9XDlF59O9U3VC
723,Raegan89,Monica_Lehner@hotmail.com,NnpFLRWHrt7E9id
724,Ivory.Metz,Paul.Tillman34@gmail.com,3ig5nGb7ac0pwH9
725,Bridgette12,Amanda.Shanahan@yahoo.com,cDIi2w4XEiA3unX
726,Hollis34,Merl.Paucek56@yahoo.com,f5uwA8BSXXn5fUD
727,Lucile.Casper0,Gregoria81@hotmail.com,IcK0gD8hxgHa_Cn
728,Camryn_Parisian,Kiel.Quigley57@hotmail.com,JR2e40hItbgnTCl
729,Aliyah76,Carissa65@yahoo.com,r5GUMkg1gkT7D6m
730,Delores_Lowe,Geraldine.Morar19@gmail.com,x9RPD3Kk0g6wc0Q
731,Ramon.Donnelly,Nils_Rogahn44@hotmail.com,z1fWYYHMBXpUnoJ
732,Marina_Wisoky19,Angela.Orn@hotmail.com,yGsoYSwSxjHQSe2
733,Vicente_OKon30,Alba_Durgan5@hotmail.com,K8DxGuZ4H9JMurA
734,Kenyon69,Jaylin_Erdman6@yahoo.com,2cdkoE07Claz6pV
735,Clementine_Gorczany,Judson43@hotmail.com,bGvQPDvdOeweXma
736,Candelario_Oberbrunner-Stamm90,Lon69@gmail.com,fPd3A1wIezjwMpx
737,Jedidiah91,Lisandro.Rice73@yahoo.com,ywWtNvgHnsOKefj
738,Nikita_Cartwright36,Caleigh_Jacobson@gmail.com,u4MgIMlh5d3pJzb
739,Ashlynn.Wolff16,Breanna3@hotmail.com,TOy7F5BQPS27Pnd
740,Beulah.Cummings2,Giles.Dietrich@hotmail.com,4_JwiN4uF24EEEH
741,Ari.Cruickshank25,Anika_Oberbrunner30@hotmail.com,CdMkTBAvIKVPE8C
742,Vickie.Sanford,Teresa0@gmail.com,HlJ9XtjNeUXFvE0
743,Emory.Ebert5,Buck.Gerhold@gmail.com,zaZhry26pD7YI2T
744,Sharon.Kshlerin38,Brandon_Parisian@hotmail.com,EGIGYPypuIq7xcu
745,Giovanny.Pacocha,Shyann.McKenzie0@gmail.com,1HbQtIrUplgYrM2
746,Nathanael_Carroll,Myrtle.Flatley47@yahoo.com,2ujtqQKqBsbd_Lw
747,Lulu.Kuhlman,Bernadette.Conroy-Bednar@yahoo.com,oUss9KH4ZeI1hKe
748,Halie.Gleason,Linnie.Jones@hotmail.com,L8uTwIhKc_OS1Bx
749,Alycia.Bode,Dale_Lebsack57@gmail.com,sDOqruyNp7uJ6PV
750,Chad35,Buford_Altenwerth78@hotmail.com,TLuwKotemRDu3RM
751,Karen.Walker,Alvera92@gmail.com,dC_9e3fNVudm1lV
752,Cruz_Moen7,Liliane_Gleichner@hotmail.com,zjjPSpSMwGquQpp
753,Ayden_Davis43,Leonora.Wunsch13@gmail.com,aJJsMrMAA9FEmyc
754,Lily99,Kallie_Stokes@hotmail.com,_5k0RbQXcgyxLds
755,Evert97,Arianna.Towne@gmail.com,tGjSzi1kTW7UqoF
756,Lelia.Yundt,Kaleb36@gmail.com,CRUg7zQztJIwVx3
757,Kathryn75,Thora_Maggio-Will@hotmail.com,d9_9LD4O1DpnAbt
758,Dimitri.Johnson,Stella.Murazik@yahoo.com,RnhGQYL1ZBJp3rq
759,Taylor.Gibson,Myrtis_Kozey71@hotmail.com,p8wfa0vjwQc0BVX
760,Alanna.Frami,Rebeka_Connelly25@yahoo.com,2pTUg_qaPNMtZ48
761,Cletus.Yundt,Annetta65@hotmail.com,bwDu53pAxPuL93L
762,Sigrid23,Norval46@gmail.com,TGyP7wdrNu5SFeQ
763,Donny_Wiegand,Etha.DAmore@yahoo.com,i1_1qF_8k6u9_J_
764,Cecelia.Gutmann,Cleveland.Buckridge@hotmail.com,5X8hK9SCmxtGaZz
765,Krista.Lockman,May_Reichert-Hammes93@hotmail.com,JcsAMnoyNW2g82n
766,Lesley5,Liliana5@yahoo.com,78FSs0Ju_acPQup
767,Lew.Harvey,Joana59@gmail.com,4Vj7cG2xopBt48B
768,Shania.Jerde86,Jeramy.DuBuque@gmail.com,17lBsNx0D5i9nlD
769,Eryn.Streich,Granville15@gmail.com,vuY3WiNy0v5maGO
770,Eliezer1,Gia93@yahoo.com,Q7S1cOmPVPHry1j
771,Abagail33,Moises.Adams@hotmail.com,PDidWaREdj9QImZ
772,Myles87,Linwood44@gmail.com,4MBgeIqoGic_r7W
773,Harvey_Nitzsche30,Corine_Ondricka@yahoo.com,XXmIVfEX2I10bBP
774,Laurie97,Stacy8@yahoo.com,k9AVsPq1VzfpVSW
775,Gussie77,Eduardo.Glover62@gmail.com,MpTYIaf6P5juLt1
776,Luisa_Wuckert-Williamson,Jayne.Denesik43@gmail.com,aqbdzbSLTdWtVwh
777,Lera.Brown23,Margarett_OReilly35@gmail.com,HUE4CaY_l3j9zgj
778,Tevin25,Charley44@gmail.com,Q0JZAf8YaPjZMmi
779,Noelia_Bechtelar91,Samantha_Ankunding5@yahoo.com,0JPFRWIVt_6uzip
780,Shyanne_West,Chris_Erdman60@hotmail.com,5LjCqHwhxSEQX8P
781,Jayce73,Kade10@hotmail.com,nkcT1QlSqQKTCCz
782,Jackie_Stiedemann,Grady_Hettinger@gmail.com,ZVNzKoWUD6MUJS_
783,Ashton0,Margarita_Borer@yahoo.com,w6BPWkrYOlicGLA
784,George_Upton27,Jolie83@hotmail.com,vzLS3PoccIw56Ap
785,Alexander67,Kristopher.Johnson@yahoo.com,BQuATj7HpC_0vZJ
786,Ervin79,Sheridan.Crooks@yahoo.com,CwdJavFhrUpNF6H
787,Everett63,Julien.Hessel@gmail.com,yHfTPtVxGSTGl9L
788,Tracey.Runolfsson,Savanah2@gmail.com,Rd_RJUuvAvZo6cK
789,Troy.Swift,Darron_Beahan@yahoo.com,BZxj0BVemraLW7q
790,Garret91,Natasha_Gutmann48@gmail.com,4ucI5C8z0mHVU8U
791,Bradley69,Brock_Yundt97@yahoo.com,hnnzeSe03d6F1B7
792,Zoe_Pfeffer27,Jannie_Cummerata47@gmail.com,aFLKGFQUffEoLlP
793,John36,Nora95@gmail.com,oKF2e451w5eo62C
794,Prince66,Grace_Kemmer20@yahoo.com,cAi6V4p4nl8hg6s
795,Ciara34,Alene_Metz@gmail.com,oEG0xu_5QOrPjwj
796,Lazaro.Corkery,Elsie_Ferry@hotmail.com,rsWpRxNNtOu3jSR
797,Yazmin14,Kaia93@gmail.com,KjntWZLXRZu9enH
798,Neil_Emmerich,Torey89@gmail.com,jEJh71tv62WNc61
799,Josefa_Buckridge,Adela57@yahoo.com,0Zl2HT8xQknBOLE
800,Dameon.McClure30,Amber_Wolf25@yahoo.com,2_L7ZRhAi2tudqI
801,Ellsworth.Muller-Balistreri0,Dulce29@hotmail.com,L6hNdVHoT38PiWq
802,Johnathan_Bosco79,Rahul.Johnson95@hotmail.com,QdducO4VLy4C9gN
803,Sigmund_DuBuque86,Edgar_Lueilwitz2@gmail.com,SHOoMRfixhfL_Az
804,Luisa4,Nicole_Quigley@yahoo.com,Xv3YjlpZ7IWgDPP
805,Marie.Hansen,Lester.Parker@gmail.com,XKPKjPqkqxNWHD8
806,Joanie51,Billy6@hotmail.com,dIHI37YIoCSW6fS
807,Damaris65,Lurline.Dietrich84@hotmail.com,NXWQYEziT59QaZK
808,Dayne.Hintz94,Jaylan.Fadel@yahoo.com,qjMmiIJpHA8Zb7t
809,Kaycee5,Ibrahim_Okuneva79@yahoo.com,Mx33bhSVCyIjVmF
810,Jaycee95,Burnice.Gibson2@yahoo.com,mh1Ds2Q3mT3VnFb
811,Ryann_Anderson98,Terrence.Morar@hotmail.com,G0pmZTSiaRyauyM
812,Brody95,Adolfo_Tromp@hotmail.com,G9m5oSHfMuClWbg
813,Edwina53,Kiara_Koss17@gmail.com,ZSHvJPPlD5_MfwD
814,Benjamin.Zemlak3,Delfina.Auer@yahoo.com,ayA6D_N8TuriJ13
815,Brendon18,Brisa_Morar73@hotmail.com,Oy44BShxRh6WItd
816,Sammy.Beer,Greg_Vandervort@yahoo.com,AeQyfZHQNO2hgrt
817,Tania.Wiza94,Jerrell_Von78@gmail.com,y8SX6u3MgpktIT2
818,Jonas_Bayer,Chelsie_Goldner@yahoo.com,cqm9iNa_oqytjjX
819,Sandrine.Jerde68,Buford_Ledner96@gmail.com,Tf546SSLKwMMo5v
820,Vidal_Nader99,Daniella.Bauch67@hotmail.com,Jsbb_TaTGA18hB9
821,Rosemarie.Zulauf31,Meaghan94@gmail.com,qVDmZOO2FlY1NTT
822,Norberto_Mayer15,Roxanne94@gmail.com,u0M91vkvjk4kHBg
823,Adah.Barrows96,Daphne.Torp@hotmail.com,QCwepLSxrx8z41_
824,Cortney.OKon,Mac_Wunsch@gmail.com,LbVYRNnYfj9QK_S
825,Shaun_Kunde60,Jade60@hotmail.com,E3_q892h0VDto52
826,Cathryn.Kovacek84,Erling56@hotmail.com,_ft6qsM18wm8aMD
827,Yesenia.Parker,Leopoldo_Kihn@yahoo.com,0slAytTK3RI4XG3
828,Dominique_Jerde56,Earlene29@gmail.com,bGHyApQdIha7rxA
829,Glennie_Gerlach,Salvatore_Prosacco70@yahoo.com,nS9fADKMYUrKN1s
830,Rey13,Vicky.Murphy49@gmail.com,LkZv_kUY4YkqNmd
831,Name_Gutkowski66,Sigurd37@yahoo.com,2sWw6Z4sSOHpmOX
832,Zoie_Torp81,Freeda19@hotmail.com,ns39jC8HzBXUp8o
833,Pierre_Hills,Adrain16@hotmail.com,Jp8hElX7yIimHuD
834,Zachary16,Solon.Emard75@hotmail.com,Hb9eZyVwcS29xK_
835,Jayme.VonRueden,Karli.Schmitt@yahoo.com,vgPGkuNINszdKT2
836,Phyllis34,Giovanni_Stroman18@gmail.com,kjSCxqT5NqBQbox
837,Brice31,Katheryn20@yahoo.com,mwCZWPi5MJoqyu_
838,Emilio_Ullrich,Ayden_Marquardt@hotmail.com,uNzGXHP5Oh8LME5
839,Jazmyne.Greenholt,Wilfred.Cruickshank@yahoo.com,qoEwwuaNX9qeBhd
840,Marietta37,Jettie48@gmail.com,9k7larkqp93vrJL
841,Peter46,Javonte.Gusikowski93@gmail.com,UcvXiWFS030Lf8C
842,Hiram_Stamm,Jeremie.Renner@gmail.com,hboc_mj7aTy4Zb5
843,Keaton_Wolf14,Ubaldo10@hotmail.com,zA5wdtkWYzJYSfR
844,Marisol_Bode26,Delta_Schowalter@gmail.com,niVbrXu8d6amtB8
845,Missouri.Mitchell,Jarod.Dietrich94@yahoo.com,r84AfSX81OP8pDP
846,Wilma.Willms,Eugenia67@yahoo.com,VOnYxGlUwcYrMos
847,Foster34,Willy39@yahoo.com,047pHm8JEYNJptW
848,Jayne.Batz33,Thalia_Wiza51@hotmail.com,9agReYcnoX0p6NB
849,Annabell.Doyle,Zena_Hessel96@hotmail.com,hpECv7btMUaMKmS
850,Thaddeus_Heidenreich-Lakin,Leland.Satterfield@hotmail.com,OaRBQ_HywgN8MAn
851,Nikko.Jast,Destiny35@hotmail.com,ynjBNFqSUP5MqdM
852,Kaylee.Fadel,Lucienne_Feeney31@hotmail.com,DgiUUhOnlqIEiqR
853,Gabe96,Leilani6@yahoo.com,viJ3KoKQSKpLaED
854,Leon36,Patrick_Dach-Walter@yahoo.com,hSlRNAbU8wshEhy
855,Una_Zulauf89,Ronny_Erdman23@yahoo.com,4Zh76sJbKIWC25D
856,Elenora.Hermann,Mireya_Abbott@gmail.com,1ASzVCLm3akHdvv
857,Fred_Dietrich,Ethel19@hotmail.com,7QBSeaPmQfyNinT
858,Elmer_Welch5,Phyllis.Purdy@yahoo.com,0ZImQYy7P1HRCNN
859,Florida_Funk14,Jamar_Lemke@yahoo.com,OiGmojLTaXrcoVe
860,Laury.Schaden21,Jeff76@hotmail.com,oJwxmrVIjB6DO9g
861,Eliezer.Hammes,Vincent.MacGyver@yahoo.com,k24CLznSSeqQaW7
862,Juanita.Brekke,Annette.Schmeler@hotmail.com,n3ccJgNgk4ZjYQy
863,Danielle.Hahn,Garfield9@hotmail.com,KpvaMoPXPnhSiE5
864,Florine0,Elliott74@hotmail.com,F5SLhcC3AgnhYcn
865,Albina45,Shanon56@hotmail.com,QIOnQLxvkTCFPRZ
866,Lola.Mayert,Patricia46@hotmail.com,O8uIgAgUUTqmZQM
867,Aniyah.Bergnaum,Melisa76@gmail.com,15oC_olbF2d8zDr
868,Alize.Baumbach32,Kaden84@hotmail.com,Ghv4qvlEgyXHhZ_
869,Camila.Ferry12,Georgette_Deckow94@gmail.com,mZqMVxutfb1ql5u
870,Zoe_Berge-Mills,Jaycee.Batz10@hotmail.com,zI_0ewAobea8uIr
871,Alec8,Timmothy35@yahoo.com,QhFkBMCXydkvLhu
872,Jacklyn_Schoen,Samson.Macejkovic@gmail.com,ut5hoVNYklSctzg
873,Joanny_Carter,Sandy.Hane71@yahoo.com,RvpwkRXHojACJYa
874,Kaylee_Flatley99,Patsy.Green@yahoo.com,Tr3RdGGONFA4FOV
875,Bennett_Von7,Luther.Botsford76@hotmail.com,Xa7j3yLEAUKVp0O
876,Kareem_Dietrich8,Beulah94@gmail.com,WBu54QmX5diag3G
877,Marietta_Harris84,Dean.Stamm80@hotmail.com,EEIxm_0DtqCT1LE
878,Fredy_Larkin,Filomena_Morar27@yahoo.com,zt8qJLsWU5VrypZ
879,Glen.Will,Kamren17@hotmail.com,CYj5re_i2WRMUv3
880,Deanna_Yost,Karina.Wisozk@hotmail.com,iNPzw14Nr_99oB6
881,Kobe.Effertz,Casandra_Willms@hotmail.com,pf8yXo0SJKdWXBh
882,Tate_Swaniawski34,Loraine_Hyatt36@hotmail.com,ShGyOUIlngIIsEL
883,Sandrine.Wisoky64,Isaias_Labadie@hotmail.com,BIkdXREw1YgzDe2
884,Helga_Fahey70,Lia_Rutherford95@yahoo.com,wGq_zIgv_8pruV3
885,Ayden61,Torrance_Legros@yahoo.com,IHOZKEeFj66_6G5
886,Ashleigh_Bogisich73,Rupert30@hotmail.com,uP5eTnrpJvaKOSt
887,Foster.Lind,Marianne.Aufderhar@hotmail.com,9b6IbSQftEGP_2e
888,Eusebio42,Kevin88@gmail.com,nWjtFiRokaJmn3O
889,Weldon_Kovacek,Angus.Zulauf@gmail.com,NtrahfGBHrIw_gg
890,Markus.Bartell,Iliana.Shields30@gmail.com,P2MU1W3KFb1hLjv
891,Jerome.Green37,Allene_Hammes@hotmail.com,cJYLydp1uY3X0hK
892,Deshaun.Runolfsson,Arvel.Terry@hotmail.com,aDvnBJFzl02KP2u
893,Dameon33,Alessandra.Price@hotmail.com,TeMAar8FQQTMaLT
894,Kellen.Reichel55,Alvina_Bernhard70@gmail.com,UyC9qQdb9mtc0Lj
895,Kianna38,Jarod74@gmail.com,6OVVNaXIJLd9_rM
896,Rosario_Legros42,Mekhi18@gmail.com,wZLJPdVf3kT9IDm
897,Quincy91,Isobel18@gmail.com,d_O0WhuVNEDc_sS
898,Herbert.Bernhard36,Hailee.Deckow84@yahoo.com,QlE28oSkt2QejdZ
899,Marley61,Osbaldo41@yahoo.com,9G8RpA9Nx6N3Ijb
900,Sammy_Gibson64,Grace.Hills80@yahoo.com,5N25DP30FgHNWRD
901,Verna.Hamill21,Mya91@hotmail.com,A2G3ed0rhstst9I
902,Alessandro77,Rick37@gmail.com,1q5Wbicn26zgLvO
903,Augustine.Bernhard,Max1@hotmail.com,Z2grqAXfz1YF1DW
904,Viola_Cartwright,Candace_Vandervort@yahoo.com,QvN7euxapphmpD8
905,Enid_Gerlach,Buddy54@gmail.com,rwraHt1e6klUkjZ
906,Bernadine_Mitchell,Carey_Emard61@hotmail.com,Q8UVwHHVhlsxcOp
907,Freeda_Murray,Kiera_Kihn@gmail.com,NucDrmVnhFcnJMd
908,Norbert.Streich24,Rollin51@yahoo.com,OO32lndvfRtWDsI
909,Cheyenne_Ortiz-Crooks69,Annabel_Toy2@gmail.com,GCWWMqhnegykrfZ
910,Frederic_Bergstrom,Danny44@gmail.com,7CEXWjawBlYxd1W
911,Pete_OConner77,Edward_Walsh4@yahoo.com,8yb8KJjfVCt3yfW
912,Ronny_Sawayn53,Preston.Legros37@gmail.com,yZUVlBqpIwu0UKc
913,Keeley.Kemmer61,Bridie.Heller56@gmail.com,9b7CeaVnqJXXmNc
914,Roel.Bode66,Pat_Mohr@gmail.com,JG9LYTQMkhNBceL
915,Frances_Marquardt73,Ariane_Mann-Wolff@hotmail.com,3bVowkdHg_iJFpW
916,Orval.Thompson,Emmett79@hotmail.com,VR6ce6hT2fZPt9D
917,Kyler.Douglas18,Kallie27@hotmail.com,By5nbhGLfwxtzog
918,Destinee_Cummerata-Predovic,Henderson.Johns@gmail.com,eU0Y0UOlxFXnXut
919,Ryann_Wilkinson55,Edd.Collins@gmail.com,_gAeDuO1dEW5Cma
920,Ari_Douglas,Marta_Walter51@gmail.com,7jjqMYfH0EMTi76
921,Nickolas_Smitham,Lois.Ferry@gmail.com,73_CP4BPsvkS2Eo
922,Golden_Crooks,Camille28@gmail.com,7P9AOCmL_iosW5i
923,Natalia_Wuckert31,Rickie15@hotmail.com,2L0MCAQ0ToF3I5p
924,Brody_Okuneva14,Terrence_Cole@hotmail.com,dOhKt_JiCItNYne
925,Ralph_Torphy81,Caden_Bogisich75@gmail.com,tGbUMFKMJjtAibD
926,Everardo_Herzog,Era13@yahoo.com,9i_20JSs1RbpMbx
927,Jordon49,Elta_Bartell@hotmail.com,m3l1__dyYZqAVpO
928,Edmund_Waelchi41,Manuel.Halvorson-Borer55@gmail.com,e0SxOxDBfrSQO7i
929,Myrna_Renner,Willy52@yahoo.com,ga7G4BQitD4BQTk
930,Enos.Hudson,Kacey78@yahoo.com,_5KJTcChhmDPNOt
931,Nova.Tromp77,Harrison.Stehr12@gmail.com,mDTdchgV3a1Zdzx
932,Chasity.Waelchi,Rico.Braun3@hotmail.com,n_Fdc9p1RdOnpVM
933,Francisco_Bayer,Lilly67@yahoo.com,emKYMILN0jprKNG
934,Yolanda70,Stephanie.Langosh@hotmail.com,texYjJGVbMmbui0
935,Lauretta.OHara59,Annetta54@gmail.com,E4m33zM6aTcGCSk
936,Tyrique.Treutel79,Cicero_Considine65@yahoo.com,gLbVNDujCFl9aLd
937,Camylle20,Roberto.Walker55@gmail.com,q_3HS06zuyOBYd6
938,Lora_Jacobs0,Skye.Witting58@hotmail.com,4k5dWQRIdYGX63U
939,Brisa94,Tyreek56@gmail.com,a9IZYLbncEurnHP
940,Eleanora35,Danial_Armstrong@gmail.com,wpcoeR61HlsFsOe
941,Joey54,Aurelie_Stracke@gmail.com,eQXigAbc1RYw9Te
942,Rahul52,Pearlie24@yahoo.com,Yg7sFEMYR3l5g4f
943,Beryl_Blanda32,Crystal.Rowe@yahoo.com,AYKHBXvHPM6THie
944,Wilma.DuBuque56,Vivian57@hotmail.com,772IqUrYMkYdYLk
945,Jalen28,Elenor_Gorczany35@hotmail.com,jwJFiIvFNKoKLr6
946,Annamae19,Marta_Crist@yahoo.com,cc0VAx8YqXuM3eb
947,Lina.Runolfsson,Niko.Heller@gmail.com,t6ZKGY1hj7dAaZo
948,Bernice.Kilback83,Cornell_Volkman63@gmail.com,TMHbtIm8JNEEPTi
949,Ed.Walsh,Hipolito53@gmail.com,TAo8bzTQJvoXZdL
950,Kiana.Stark,Jon_Braun@gmail.com,ET5ZGq9ZZpge4mn
951,Orpha_Armstrong,Florida.Mitchell@hotmail.com,joUaLFdJtNvwjau
952,Sydnee26,Miles.Raynor18@hotmail.com,8KAAT9zZFNJg6Pq
953,Nella.Rodriguez,Godfrey_Mante32@hotmail.com,VpsOwxEs71dpPFh
954,Dawn28,Sonya_Mosciski@yahoo.com,crU_JH4IQmcgdhW
955,Ramon.Jaskolski87,Ena50@hotmail.com,43QLz0ttoDS6Ii6
956,Dominique_Langworth6,Adan.Nienow80@yahoo.com,yWKKquSABYcfLo0
957,Immanuel27,Dallin61@yahoo.com,FAx_0Du7NdrkYLY
958,Theresia.Welch-Pollich36,Arvilla_Altenwerth64@hotmail.com,X80jsCqntRJfsXJ
959,Sandrine.Treutel,Kathleen_Windler@hotmail.com,I8w3pOWzgfDZt4_
960,Ansel_Ankunding49,Prudence_Sipes49@hotmail.com,FDIuDx6UHV2QLNQ
961,Stephany_Bosco88,Sylvester38@yahoo.com,DRSWd_2AUTWmTg4
962,Ken72,Lennie14@hotmail.com,huAccnyU0xM_n_A
963,Gene.Fadel,Sydnie34@hotmail.com,LxphlRd6o5waiWO
964,Isaiah.Muller,Reanna_Dickinson@hotmail.com,8b5WMKS861mCB4l
965,Cameron32,Leon_Rosenbaum6@gmail.com,19eWuwSkf93UQbQ
966,Chelsea11,Ransom_Kilback@yahoo.com,J8NN_No2fiLIEgt
967,Aurelio.Mohr24,Nia.Renner@gmail.com,0UL0fA8thQUULF0
968,Sabrina.Legros80,Flo27@yahoo.com,uVtJseWIpb3V9mc
969,Van84,Terrell_Wolf70@gmail.com,PclRhKZPr59A20u
970,Estel87,Margret.Stiedemann42@yahoo.com,uhJWHIGj8VFBZPT
971,Laury78,Faye.Champlin99@hotmail.com,FS2R37V81qXJZKd
972,Linnea.Hirthe,Micheal_Koss@gmail.com,PeKrBAgI3l4b1xr
973,Landen61,Leif.Wuckert@hotmail.com,bOM0RAlu7RYoFYl
974,Hollis_Aufderhar,Herminia46@hotmail.com,_pNblXaW8f5nxne
975,Oma_Hansen,Kenyon_Schimmel32@hotmail.com,BwKPC_sI6m_ZOZC
976,Modesto84,Edwin_Breitenberg26@hotmail.com,BKhCBf_DphYUOcz
977,Giuseppe_Kilback,Kamron84@gmail.com,864bzY1Fk8I5dvy
978,Ruthie74,Veda.Ernser@gmail.com,BIcLwrlGIPC140R
979,Zoila_Hayes,Brannon_Jacobs43@yahoo.com,VEanAV5sR4gvr5i
980,Candelario_Parker72,Ashleigh.Crooks7@hotmail.com,d9hC6GMGkF9uhTi
981,Horace.Padberg55,Trenton.Stehr47@gmail.com,qTjlRwEudyUrv15
982,Helene_Cronin,Darrell.Harvey@yahoo.com,MnKUsdvGoIHhlg7
983,Muriel87,Martine75@hotmail.com,YeL0OuP9WO5N1F_
984,Sarina98,Randy8@gmail.com,TlNZ6Z4yFXhy3EY
985,Billy_Greenholt69,Ralph.Schaefer@gmail.com,Rv3faie6L90Qz9i
986,Carson47,Jeromy_Cartwright38@yahoo.com,hAu1CqCcK32KIuq
987,Wellington_Cormier20,Estella_Harris@yahoo.com,9E7bqJD9W5aligX
988,Walton_Friesen,Rosalee_Hansen9@gmail.com,6yFsdWGoQkBcRqF
989,Owen.Rempel31,Twila69@hotmail.com,JGOLb_PBXxB1ATv
990,Gabriella_Mosciski33,Maxime60@hotmail.com,ytm10PtN_XnM_Uj
991,Antonetta82,Velda8@gmail.com,7LmeP78e2eO4fF9
992,Judson87,Cheyenne49@yahoo.com,Kkvx4MzGqs3dKXR
993,Edmond56,Ronny.Hodkiewicz58@yahoo.com,BA6Q6iC3FXOaW7v
994,Ward74,Hester.Feeney@yahoo.com,UzZ4nFGzmsjwIXh
995,Elta68,Isabelle_Satterfield@yahoo.com,oEX_F2CNKGjQ9A3
996,Wilfred_Watsica,Nya_Schmidt@yahoo.com,PYrI1lhOcGwONE2
997,Elda.Ward,Dulce93@hotmail.com,B2I0i_DeELnBXov
998,Katheryn_Kling40,Drew_Lueilwitz@gmail.com,TbJ6KBgeQWJc3mq
999,Eve.Cruickshank,Baby_Breitenberg-Strosin@hotmail.com,tHWUQHfinFfnYmZ
